topology,representation,target,mae_0,r2_0,aobt_0,mae_1,r2_1,aobt_1,mae_2,r2_2,aobt_2,mae_3,r2_3,aobt_3,mae_4,r2_4,aobt_4,mae_5,r2_5,aobt_5,mae_6,r2_6,aobt_6,mae_7,r2_7,aobt_7,mae_8,r2_8,aobt_8,mae_9,r2_9,aobt_9,mae_10,r2_10,aobt_10,mae_11,r2_11,aobt_11,mae_12,r2_12,aobt_12,mae_13,r2_13,aobt_13,mae_14,r2_14,aobt_14,mae_15,r2_15,aobt_15,mae_16,r2_16,aobt_16,mae_17,r2_17,aobt_17,mae_18,r2_18,aobt_18,mae_19,r2_19,aobt_19,mae_20,r2_20,aobt_20,mae_21,r2_21,aobt_21,mae_22,r2_22,aobt_22,mae_23,r2_23,aobt_23,mae_24,r2_24,aobt_24
euro28,graph_raw_conn,avg_transceivers,5.709840579710141,0.9966994777943885,312.11670022160865,7.2439601449275335,0.993235282394216,602.6061538060529,7.141391304347825,0.9872143329528343,1267.386746016391,6.304677536231888,0.9957146599110044,388.9674048969856,7.6520688405797115,0.9950794194306716,464.55846925193214,7.809963768115943,0.9901458000928353,919.7372168370288,5.908152173913042,0.9965465217334805,303.49907889930904,6.470855072463768,0.9960703208055187,352.6829056621979,6.006811594202898,0.9958880957229762,379.7525152954685,6.3739528985507246,0.9957518012842498,393.2407245153286,5.790181159420291,0.9961581599950189,352.63992507998546,5.933177536231884,0.9965954334713256,297.6771321998501,7.182471014492753,0.9952006030825907,462.47612888481154,7.137826086956523,0.9945269296407048,523.356532916826,7.484126811594201,0.9869856632368352,1214.0437437867242,5.645202898550724,0.9965122050874885,280.3003773122993,5.774485507246377,0.9971630887945646,263.1617112698018,7.775572463768115,0.9939665550035482,525.945152953256,7.480652173913041,0.9954990207153094,441.5264521470964,6.019717391304347,0.99585752560252,381.27644650143475,5.770873188405793,0.9966807008542571,282.7545490254878,7.74466304347826,0.990517848126306,903.1960281120188,6.722797101449276,0.9949917558680157,476.4685937232125,5.838681159420287,0.9969457372537551,278.804818719884,6.682427536231881,0.9953660775911064,388.4244423885025
euro28,graph_raw_conn,max_transceivers,8.036231884057973,0.996736260149975,345.49634705314,9.160144927536232,0.9951280593423706,468.8576083091786,10.01449275362319,0.9870042420290596,1527.3065120772949,8.849275362318838,0.9954762747718059,501.93746937198057,10.273913043478261,0.9949434080049337,536.7795868599032,10.202173913043477,0.9848133507718011,1734.353302801932,10.808695652173913,0.983821250202653,1876.6197961352657,8.771739130434783,0.9963137962757169,384.1889540096618,8.69855072463768,0.9952388400211094,520.1278446376809,8.912318840579712,0.9950943355017617,536.3220714975845,8.702173913043477,0.9925862434353161,843.4066463768116,7.9601449275362315,0.9964538856049671,362.9750264734298,9.582608695652175,0.994857992719328,590.2182527536231,9.468840579710143,0.994942289310063,553.3812546859901,9.825362318840579,0.9891891131466715,1173.907235169082,7.954347826086957,0.9963886952941784,341.07073835748787,8.634782608695652,0.9965297745804393,367.25427864734286,9.918115942028987,0.9943796872171523,577.0852879227052,10.218840579710145,0.9948136479047145,587.2860237681159,7.901449275362319,0.9967886694087833,338.305561352657,8.418115942028987,0.9961314644639253,386.00821043478254,10.430434782608696,0.9939261591167783,658.1298324637681,9.199275362318842,0.9949788153473352,558.8798815458937,8.252173913043478,0.9966575000043643,361.7233064734299,9.127898550724638,0.9946436352164285,531.4530351690819
euro28,graph_raw_conn,sum_slots,182.9467391304348,0.9956906999308013,127207.24727086956,201.97826086956522,0.9936619615250389,181489.44888347827,221.6576086956522,0.9886453582687995,368295.58370782604,191.38695652173914,0.9954010779324005,136461.11049478262,218.87173913043478,0.9936686012708965,189708.98212521736,210.39021739130436,0.9847612627420577,484823.49367652164,194.1717391304348,0.9950302727767798,143196.24985347822,205.49021739130436,0.9939264518270978,175416.43899739126,198.2913043478261,0.9929719334279119,216834.09514652172,206.7826086956522,0.9938357567183462,183771.32942347825,189.925,0.9946437784041265,151269.62257999994,199.21630434782608,0.9946292984903947,156754.7872717391,214.40652173913043,0.9928925995797737,231940.00300956517,194.9673913043478,0.9951558196552055,146229.04330782604,224.12173913043478,0.9913911076201689,250763.40796434775,174.7478260869565,0.9950060894329923,132400.61076434777,196.37391304347827,0.99509657428372,141595.33788304345,233.60652173913044,0.9840233337934481,511740.1068943479,245.37391304347827,0.9903957588018596,321619.3506421739,180.4836956521739,0.9958065670646749,120219.53746652172,195.85652173913044,0.9951566957013227,133700.1730878261,230.9217391304348,0.9914326337241179,271938.04305782606,200.46521739130435,0.9922135081852395,255094.51454913046,199.0086956521739,0.9952038881837437,146922.60185913037,200.06630434782608,0.994002134146435,160832.2724473913
euro28,graph_raw_conn,avg_max_slot,4.119673913043478,0.9922825063137022,75.52788741828986,4.08241304347826,0.9926097449244808,67.51589178274878,4.729235507246376,0.9816162873043995,196.76923017915456,3.9381304347826087,0.9934995981411022,67.205841345372,4.459101449275362,0.9903951070243435,100.15424824298063,4.374003623188407,0.980204875060827,208.76698686821732,3.6636376811594196,0.9948617139408547,50.51097356243478,4.141724637681157,0.9919846800189233,79.82513476737681,4.114449275362318,0.9922450035289917,77.16222295752657,4.263847826086956,0.9897033894054778,105.5211467464686,3.9835797101449257,0.9918979251373561,81.39416314764738,4.391086956521739,0.9890172177133211,114.17349226075844,4.545387681159419,0.9905954791700192,99.0428856536135,4.267518115942028,0.991945796945904,83.53931943982126,4.362898550724637,0.9786196224617071,218.9761377025169,3.7438152173913037,0.9938282674006435,53.36624369841061,3.9509818840579722,0.9939180219441194,60.48137751127052,4.602101449275364,0.9825044534814737,182.10486157147346,4.377626811594203,0.9919295351258701,87.16004285204345,3.6313043478260862,0.9933685436364836,65.77412133942994,4.1969384057971,0.9917952944412777,77.33994362811593,4.49743115942029,0.990793160682889,92.03019006108696,4.245384057971013,0.9915824693260562,87.77225899970533,3.7233188405797106,0.9945274255678654,58.564536195289875,4.530655797101448,0.9814951535941137,176.90159905659416
euro28,graph_raw_mean,avg_transceivers,9.904195652173915,0.9940698367694976,537.9819633374784,10.000630434782607,0.9924858151622857,639.7885064823912,9.995130434782608,0.9937437753994833,554.076514149391,10.491347826086962,0.9916432012811911,780.0172355085217,11.366913043478258,0.9921847830441878,714.9534951185217,12.562347826086954,0.9811005865844201,1770.3578293756955,9.46732608695652,0.9936618225541837,560.750709593826,10.637021739130436,0.9890179903763555,1043.1586781492172,10.817739130434783,0.9924299824260304,698.0161992462607,10.876521739130434,0.9905567621338985,858.446346725261,9.70091304347826,0.9928619061231344,656.1422094385216,9.44578260869565,0.9938055729162991,562.6932689024345,9.318673913043478,0.9927136288914797,707.125879016348,10.42608695652174,0.992228016439525,727.9975062867393,11.95182608695652,0.972051305247188,2659.371879243956,10.913739130434777,0.9913155266118396,723.3185537531303,9.918282608695653,0.9918592235213213,782.4759752226958,11.031391304347828,0.9910223107872516,789.2435316065217,12.527260869565215,0.9916709500357187,811.3587058656955,9.083869565217391,0.9937576575517244,606.5749365210869,10.035934782608694,0.9904899340580636,889.9718864239998,13.829304347826087,0.981937880173639,1711.9090862328692,10.063543478260868,0.9928900888522199,661.3390820099999,9.770260869565217,0.9938295151195178,588.7203926292609,11.210869565217388,0.9906548939214368,802.3595004976086
euro28,graph_raw_mean,max_transceivers,13.452173913043477,0.9916757826435012,955.1854278260869,14.395652173913044,0.9908236506221607,919.2135113043478,14.504347826086956,0.9872434668695003,1447.1528139130432,12.543478260869565,0.9914326012657028,947.6069443478261,14.530434782608696,0.9913738268963114,949.1011965217391,13.669565217391304,0.9897964755908981,1103.0070313043475,12.347826086956522,0.9937379371615711,645.5054782608694,13.704347826086957,0.9882769819764464,1346.7165634782607,13.821739130434782,0.9919085300074124,883.7396660869564,13.891304347826088,0.9903189027102505,1096.6534973913042,13.691304347826087,0.9922090731064129,842.6233165217392,12.695652173913043,0.9929005441592679,776.8504208695651,12.978260869565217,0.9932066214934845,747.1467460869565,12.939130434782609,0.9922209563905025,888.3168156521738,14.752173913043478,0.9876758447928989,1322.8448904347824,12.330434782608696,0.9925074505031976,733.7287999999999,13.7,0.9908352512502107,1037.0006695652173,14.752173913043478,0.9880218949176608,1283.2777791304345,15.08695652173913,0.989903992533522,1134.14016,13.382608695652173,0.9893348200767906,1253.4300069565218,13.591304347826087,0.9910627888338924,978.6953460869564,14.130434782608695,0.9916353003756146,896.6565860869563,13.691304347826087,0.9927317768091417,795.0639895652173,13.76086956521739,0.9928423992301998,791.1841252173913,13.691304347826087,0.9896396405219263,1029.1264695652173
euro28,graph_raw_mean,sum_slots,240.23478260869564,0.9927816154952422,227306.49306652174,267.6847826086956,0.9896869653312105,284564.2609956521,259.1608695652174,0.9911001929609234,280094.34418826085,351.53478260869565,0.9737075497258123,883924.1624073912,278.96086956521737,0.9906580579097845,282963.4085895652,287.76521739130436,0.9861544995652789,417198.58900043473,289.35,0.9895701693243572,322698.03981652163,284.1717391304348,0.9893099821865169,333005.4639939129,248.2108695652174,0.9922731049646325,236907.3774443478,305.59565217391304,0.9893319558481767,324985.663717826,282.0652173913044,0.9885180458397888,355687.31899565214,313.57173913043476,0.9880927864244474,370677.6857347826,287.1717391304348,0.9898146286863118,317196.8325156521,283.8521739130435,0.9893493760807518,335752.1741582608,301.4673913043478,0.9861372818226268,406397.7048091304,315.1434782608696,0.9850323853127123,434475.6777626086,275.7260869565217,0.9907573785063641,289649.1888665217,306.9782608695652,0.9877572534601676,369303.79860391305,287.68695652173915,0.9907249027459596,301451.58820565214,247.0304347826087,0.992703693082958,226355.4924456521,273.8478260869565,0.9901099751149732,291032.61841565213,308.25652173913045,0.9855801216396011,462953.4474952173,269.1,0.9901404888906244,307914.46973608696,298.3891304347826,0.9898409111209059,323319.2981047826,269.1978260869565,0.9897761700808835,282601.57773130434
euro28,graph_raw_mean,avg_max_slot,5.086999999999999,0.9903714073089532,97.39134249878258,6.119717391304347,0.9819018415163563,173.42331158191303,5.788260869565218,0.9784363158432701,232.82762232560873,7.313521739130434,0.9648878181295697,395.66059187008693,5.990891304347825,0.9825356295978372,187.06928070082606,5.503739130434783,0.9863241171467192,134.68564326339128,5.699608695652174,0.982640610470436,181.78514979321733,5.519695652173912,0.9818701741537544,187.92274871239127,5.433000000000001,0.9872467091216351,132.8140786948696,5.090608695652173,0.9903730352201772,95.62433836643474,5.2625652173913045,0.9865610293708941,141.61025868504348,5.547782608695651,0.9879195567416003,119.45544165334782,5.562956521739131,0.9872056189449023,136.3650494613913,5.359717391304346,0.9895058336031921,109.3216660396087,5.716456521739127,0.9821700271004998,174.20080428147824,5.3583478260869555,0.9860984116679173,130.0074309291739,5.5419347826086955,0.9880775201762402,121.33437433191303,6.23732608695652,0.9751642549519397,260.3487782923913,5.251913043478261,0.9896989679521865,110.356950132913,4.9030434782608685,0.9895367229391719,112.17270607652175,5.263369565217391,0.9875701738869291,119.55562457360867,6.622195652173913,0.9797426474004496,218.77723979365217,5.38186956521739,0.9873338928763639,131.96370851304349,5.497217391304346,0.9894485006912401,112.39076952930431,5.257021739130434,0.9877249303903598,112.02348200804344
euro28,graph_stat_dg,avg_transceivers,3.4397572463768094,0.999223220315842,47.09587176034299,4.049929347826084,0.9982685205785964,117.47214851231873,4.013307971014493,0.9982400219101594,143.97480482044446,4.149634057971018,0.9983450600830012,127.50157474958438,4.512784420289857,0.9982890633892992,134.2596061646617,4.087144927536234,0.9983674791057682,118.7478590398019,4.19333876811594,0.9980797721525235,146.66671312808214,4.162454710144925,0.9986886322823095,93.11531857491775,3.982175724637683,0.9983638580319144,137.5875995977343,4.737047101449274,0.9974507212424792,236.29124602719781,3.6443568840579714,0.9988979095673163,73.89744252738157,3.487297101449276,0.998852343403045,86.33416003936699,3.870869565217392,0.9988388478868822,93.16607237777296,3.948041666666669,0.9983811743481313,123.51402355534782,4.348543478260868,0.9980778302961832,133.12000469654575,4.108960144927536,0.9978547571320895,151.8129646378984,3.589503623188406,0.9988599894535111,88.74913944561825,4.370804347826088,0.9981229280486514,141.80248985697588,4.562583333333331,0.9982644788081633,135.05266346785496,4.4250253623188405,0.99793756667918,174.65120016151195,4.0184782608695615,0.9984666707671711,119.17023399616419,3.775365942028986,0.998863477357886,78.81806215870532,4.066634057971013,0.9984179059602115,117.02207577557961,4.027860507246374,0.9984175278802847,122.32926227775346,3.4628967391304313,0.9990242524971928,70.13605460349756
euro28,graph_stat_dg,max_transceivers,6.214492753623189,0.9983622243762434,143.32375980676323,7.148550724637682,0.9972117567221636,249.29211033816418,6.483333333333333,0.9980352727433759,173.39300038647335,6.534057971014493,0.9978955706767985,186.57775478260865,7.093840579710145,0.9976845058225033,220.18173913043472,6.2702898550724635,0.9981581178612888,159.77167632850234,7.139855072463768,0.9971781885725203,249.33125410628023,7.217028985507246,0.9975795310792686,223.63466531400957,5.9369565217391305,0.9985039949929504,129.73453101449272,6.861231884057972,0.9976017770504663,249.17645004830914,6.157246376811593,0.9982219069042036,145.82602782608683,6.982246376811593,0.9972959115813884,279.33933120772934,6.511594202898549,0.9982552302858058,158.82333275362308,6.230797101449275,0.9982151477442986,159.16556618357484,7.082608695652174,0.9972835344459582,231.99669352656986,6.291304347826087,0.9979816703241048,173.1438405797101,6.910869565217392,0.9978129660286277,208.91518338164252,7.0840579710144915,0.9976951338377377,198.890558454106,7.208695652173913,0.9977774499563928,206.5091683091787,6.723913043478261,0.9978433766116918,202.14051632850234,6.627173913043478,0.9977902608981539,199.83981217391295,6.560869565217391,0.9979418648340751,183.56459014492745,6.63623188405797,0.9979333521793912,175.3838471497584,6.494565217391305,0.9980456405756963,182.06235574879236,6.529710144927537,0.9974858830333729,240.76296657004826
euro28,graph_stat_dg,sum_slots,158.6717391304348,0.9970394365726037,75529.87261782607,172.73043478260868,0.9963468180289801,83478.14995869563,170.01521739130436,0.9966733160787852,89170.14575826086,173.87880434782608,0.9966386584579393,88684.49289173911,190.20760869565217,0.995364548511945,124559.73152956518,167.0320652173913,0.9966134828823832,84366.94814521733,175.3103260869565,0.9964036204043898,93160.54893869563,162.48152173913044,0.9968807639797184,80148.82326826084,162.8195652173913,0.9969343859264096,81809.93952695653,175.72934782608695,0.9964085179390885,99389.74772608695,166.52826086956523,0.9965035131338371,85839.38921130433,163.5695652173913,0.9968230403996895,85091.84930478258,169.8983695652174,0.9966555875358855,91427.8997217391,162.49021739130436,0.9971016353966912,77677.35337086958,191.64510869565217,0.9951565986544729,123609.09021869562,160.9467391304348,0.9966549858640306,77200.22806608691,176.91086956521738,0.9963157639697648,100997.26328043477,179.49184782608697,0.9960772510850348,100097.48776260868,188.94347826086957,0.9955803460346146,130535.43774913042,164.3858695652174,0.996647079125388,90252.92694913041,182.51847826086956,0.995816950936404,106377.91171347824,163.86195652173913,0.9968948940411168,80669.70563739126,173.65978260869565,0.9963101953630152,101120.88384521737,177.75652173913045,0.9965985285817378,91047.455803913,177.1483695652174,0.9959527124574882,104181.93034695649
euro28,graph_stat_dg,avg_max_slot,3.575869565217391,0.9952672521434319,43.084326684724644,3.976336956521738,0.9925907396022652,64.17595733261834,4.309315217391303,0.9924884639370647,73.7793446010821,3.6504891304347824,0.9944536674424401,55.52397049845894,3.851528985507247,0.9931317567569621,67.04673803903383,3.6819057971014493,0.9941557264024012,54.437133713202904,3.6920724637681164,0.9943668596436775,53.239753975347824,3.704697463768113,0.994328416285075,54.509298475599,3.7947898550724632,0.994231181381579,55.44782064341062,3.8206630434782602,0.9934262453052276,64.58625286723674,3.7173985507246368,0.9941980056629539,55.13751393515458,3.6114474637681155,0.9952954338841228,42.82481130071013,3.8998985507246386,0.9938767243904691,57.70220215347342,3.76027536231884,0.995078228259066,46.41791291024155,4.148378623188406,0.9893996128907103,99.58955181886955,3.6606829710144924,0.9941358899161135,50.15638813700482,3.795347826086957,0.9947531637350138,50.65368913409663,3.9535434782608703,0.993179407525088,63.3398747858261,3.948534420289855,0.9933076077573311,70.47919235318356,3.58595652173913,0.9938173246115044,61.65881368868116,3.97186956521739,0.9934792805827172,59.664197857299506,4.074565217391305,0.9927412656451776,72.82175918653621,3.720942028985506,0.9946473807107087,53.111866523333354,3.6912065217391303,0.9950158029696646,52.88891081969569,3.556673913043477,0.9955710282211445,34.523264240603844
euro28,graph_stat_mdg,avg_transceivers,3.459800724637677,0.9990563285837475,61.56528590172939,4.130507246376811,0.9982268813712858,121.87422537840571,3.739844202898551,0.998665834402885,104.99481337076311,4.114503623188409,0.9984629438403271,121.98627975761843,4.311144927536236,0.9985221573267502,102.61974885253626,4.206782608695652,0.9983708008014055,123.13864099070032,3.7785942028985504,0.998470196745895,116.9840483475508,3.874688405797101,0.9988521322484294,78.16701317425112,4.129876811594204,0.9983500873967275,137.85362381677288,3.7306195652173906,0.9988419568395172,92.48990199525596,3.6184855072463784,0.9988266748580801,82.74787267130907,3.2531014492753623,0.9992456044931971,47.61985536298057,3.5400471014492743,0.9990576157046925,74.641269936227,3.757585144927536,0.998621340721777,99.11824562458915,4.146550724637678,0.9983394105199777,107.38174449878242,3.8165905797101467,0.9985817588899486,86.85037648916912,3.5457192028985496,0.9991251330036961,60.067388067560294,4.49027536231884,0.997793502386435,165.90327228642988,3.9219003623188393,0.9986541133808088,99.1912596840676,3.852978260869567,0.9986991921407103,99.520373066995,3.896661231884055,0.9985203214787571,118.25508726477783,3.8434891304347834,0.998666392632039,97.06902210246861,4.312851449275362,0.9982979125356067,130.41032929802398,3.5846902173913002,0.999005612134177,69.09808758813516,4.434387681159417,0.9982008548914901,125.71191908594697
euro28,graph_stat_mdg,max_transceivers,5.8304347826086955,0.9985802507923666,113.95362840579708,6.620289855072463,0.9980019337958359,154.7329661835748,6.307971014492754,0.9980887778709133,170.186242705314,6.667028985507247,0.997796085122759,215.2835942028986,7.009057971014493,0.9976976009706682,201.2579654106278,6.289130434782609,0.9980414562717297,163.48968599033813,6.744927536231884,0.9975571702150214,214.6610028985507,6.418115942028985,0.9983654422024504,133.01979999999992,6.571014492753623,0.9978201190425385,211.20922782608702,6.203623188405798,0.9983142527885766,160.61526144927535,5.845289855072464,0.9984974772237372,121.77899768115935,6.18768115942029,0.9980729035415344,168.29845855072455,6.310507246376811,0.9985195607894641,134.03497024154578,6.51340579710145,0.9980390391804378,176.60229835748797,6.875,0.9974368243433724,212.49837816425114,6.270289855072465,0.9980299765003677,161.58014975845404,6.430072463768116,0.9983191339130191,138.1682001932367,6.732971014492754,0.9978387911534072,184.54258859903368,6.931159420289855,0.9975417096335603,238.29591555555552,6.6463768115942035,0.9977993815483779,206.63273893719804,6.956884057971016,0.9974943077606337,235.36164038647334,7.1753623188405795,0.9974604729441241,227.3440239613526,6.757246376811595,0.9976863921240247,204.56710995169078,5.945652173913044,0.9985821277356336,127.68286589371988,6.865942028985508,0.9974370315335319,210.66540541062793
euro28,graph_stat_mdg,sum_slots,156.51847826086956,0.9972514477901743,69182.98846652173,167.85434782608695,0.9966114122527051,76368.82717434781,178.37826086956522,0.9960500314745786,109498.91763391302,183.04782608695652,0.9960039345198206,109830.02484173911,180.0717391304348,0.9958847211327608,102830.72369608688,172.46521739130435,0.9957526577815617,110018.57399869559,182.06576086956522,0.9958885865420521,108870.44258565213,161.9625,0.9970252985220667,71242.70523999998,171.20652173913044,0.9962878923842734,102371.72496217389,179.82282608695652,0.9962326119145037,105746.84323608693,152.52717391304347,0.997351452037362,61876.210351304326,170.30489130434782,0.9967322595970357,85423.39894217388,172.43369565217392,0.9967455394407637,83435.74914347821,168.3282608695652,0.9969450124816193,82948.50335652175,190.7445652173913,0.995344333287165,115221.92683217388,160.4673913043478,0.9963623952575845,87152.04767956516,176.125,0.9961618018816656,104199.54776565215,173.7271739130435,0.9961069025160985,102580.95565652172,182.24891304347827,0.996280598913574,102000.15986217387,163.80489130434782,0.9964284228194331,93917.04108391302,174.2711956521739,0.9964304113754855,86728.39774739128,185.3521739130435,0.9955498460402705,124542.50804347823,171.43369565217392,0.9964166163584457,91924.98346521734,174.28315217391304,0.9965544643918385,94596.26995043473,166.72065217391304,0.996759837795646,75325.99605826085
euro28,graph_stat_mdg,avg_max_slot,3.783827898550725,0.9939837871692119,58.13651749400483,3.9913894927536218,0.9924234041258928,67.11223964380191,4.093181159420289,0.9932726987716614,65.77620014756523,3.939900362318839,0.9921309654657893,80.90506564826568,3.547623188405798,0.9945414453092427,52.128837286888874,4.00033695652174,0.9920813574617396,77.25213322373428,3.7170253623188403,0.9940422695010475,56.834068712444456,3.801838768115939,0.9937805678129957,60.340882831589326,4.031525362318841,0.9918959899847177,80.91717710377782,4.203268115942029,0.9903416364631079,97.46783943833336,3.8834528985507233,0.9931478329323971,67.20004794105314,3.7630452898550724,0.9940031008633275,57.134592207801944,4.093594202898551,0.9931031332116378,67.39640505495169,3.852065217391304,0.9944391233187445,53.99491276078744,3.6806739130434774,0.9933017775803136,60.794572564323666,3.8013496376811595,0.9930782505426883,60.089442704956504,4.014858695652174,0.9935485644494394,62.60015188358457,4.078335144927537,0.9921756936577364,75.02648949062318,3.9926014492753614,0.9931449484936599,70.18958237404343,3.2513894927536215,0.9961856633024125,34.721989606198036,3.9092880434782606,0.9926520150571908,68.67005474528018,4.47418115942029,0.9886550385435235,118.36533789566667,4.024427536231883,0.9928929359803208,72.34665557107729,3.4958079710144925,0.9950765862112534,51.01630393877296,3.69742572463768,0.9948206831591135,40.91554289449756
us26,graph_raw_conn,avg_transceivers,16.615608695652167,0.9868179515460567,1372.559919544811,17.134746376811595,0.9841004375451666,1530.5837371409611,20.660101449275363,0.9667305078631636,3637.6034414261303,14.373105072463769,0.9906635630270685,924.7015636802996,16.45917028985507,0.9864962326006392,1375.4422476029463,15.866173913043475,0.9871677281731102,1287.022758483831,15.335289855072464,0.9886481549568378,1126.8477741720287,17.49398188405797,0.9838550169475448,1707.0628361135844,17.615927536231883,0.9836395555668014,1735.3451835432174,18.60928260869565,0.9809969272493639,2017.015276257014,16.517416666666662,0.9874432376437088,1259.7439719754539,16.717489130434778,0.9862447862835498,1429.32185526441,18.7048713768116,0.9829980266043793,1851.6416932374784,17.358721014492758,0.986180914536042,1384.4946005099468,15.298963768115941,0.9883666063598228,1124.7088286727344,15.789811594202895,0.9875074444157456,1155.3185698556135,16.515702898550725,0.9857016305386539,1486.138712069082,17.45395289855072,0.9824155045041629,1757.5353023840817,19.515416666666667,0.9813353560751327,2052.3570157724776,16.855869565217393,0.9853567261125403,1636.369246156338,16.93111956521739,0.9841758412062978,1672.0098578883812,19.347313405797102,0.9800710148704154,2081.6244850224384,16.70189492753623,0.9856492524997003,1537.7376264209468,19.30985688405797,0.9777145511857522,2458.366069437729,15.552076086956522,0.9875116456545862,1168.7649896083765
us26,graph_raw_conn,max_transceivers,19.8,0.9859165588764152,1948.7200448309175,21.7536231884058,0.9801285868336027,2532.098550724637,22.095652173913045,0.9761019991733888,3468.7141341062797,18.058695652173913,0.989951007446738,1328.5516204830917,20.284057971014494,0.9869463159716787,1723.43901468599,21.191304347826087,0.9798275345136397,2766.848675555555,19.157971014492755,0.9874004125954727,1681.8339598067632,20.386231884057974,0.9827682226801668,2427.310085603865,22.407971014492755,0.9813087066494308,2629.6289978743966,22.17391304347826,0.9822011040195353,2400.9291283091784,21.52536231884058,0.9789175742583999,2870.4552912077293,19.667391304347827,0.988305327055611,1570.682525990338,21.830434782608695,0.9847905377472704,2121.62698821256,21.194927536231887,0.9851092198637201,2022.4122523671497,20.583333333333336,0.9824967278932503,2253.6524278260868,21.176811594202896,0.9811608230458305,2338.139299903382,22.970289855072462,0.9755808224731002,3458.5827230917876,23.478985507246374,0.9729728686031627,3720.825802125604,22.804347826086957,0.9820617106780984,2570.866327149758,20.708695652173912,0.9830634540043335,2459.508203478261,21.97355072463768,0.9801852720110044,2778.979780676328,23.2036231884058,0.9802255405573537,2665.187931400966,21.31811594202898,0.9835172368723588,2327.9052411594203,20.844927536231886,0.9841946661042866,2188.930540869565,19.77463768115942,0.9850274241215822,1856.3855702415456
us26,graph_raw_conn,sum_slots,400.2141304347826,0.9818256682544085,740876.7145404348,413.31739130434784,0.9802923192566417,733308.2869395651,383.3054347826087,0.9837275582242005,665786.7108547825,342.2728260869565,0.9886748830597901,445445.77656304336,361.82717391304345,0.9859433271488758,557754.5241656521,397.87717391304346,0.9798900385429242,813535.5692299998,382.7771739130435,0.9833714990602237,654058.9847626087,390.8554347826087,0.9805767352284324,789122.4479643477,394.2130434782609,0.9830705605902257,701436.6280865218,393.24782608695654,0.9826433812628262,686758.9010278261,403.7271739130435,0.9793393504394443,821718.1746043478,369.7271739130435,0.9858108100423766,543883.738627826,391.3483695652174,0.9852798302373955,591535.4092156522,375.875,0.9864851464036792,525668.2387352174,378.9336956521739,0.983087840089954,636559.4473934782,359.26521739130436,0.9869289909076195,465274.9112813043,370.8152173913044,0.9853108144763756,580923.036563913,379.63152173913045,0.9824534139756197,664521.4733421737,433.58478260869566,0.9744979065110908,1104718.882251304,388.37282608695654,0.9778097050056365,974302.5969478259,386.04347826086956,0.9839155486212868,619036.6366673913,453.0880434782609,0.9722619050290375,1154404.0971669564,395.2086956521739,0.9829417708379624,690612.1429421739,398.920652173913,0.9823791034229028,725410.9793313044,362.42826086956524,0.9851463269287494,545609.2490573912
us26,graph_raw_conn,avg_max_slot,6.874746376811596,0.9841891995047028,190.3246407309807,6.993777173913043,0.9825655939921675,193.1378724514203,7.5159130434782595,0.9796700985747889,245.07548457116422,6.953134057971014,0.9838096208529977,195.85709293725122,7.536249999999998,0.9819074942576036,220.20192450294678,7.859873188405796,0.9749328065036826,301.08090696496123,7.150047101449277,0.9825822412608697,202.15718433846374,7.626134057971013,0.9782068798517322,262.29031608957484,7.657079710144927,0.9767316344403892,288.707316669087,7.405684782608695,0.9820914569804956,212.17586841042998,7.217543478260868,0.9819080353271745,213.10560304677296,6.977396739130435,0.9819131931206422,216.43931844834302,7.341355072463767,0.9825885034298305,214.93093830875839,7.95558695652174,0.9785487858143084,255.53259764614492,7.842402173913042,0.9710085190475589,333.27890631923674,7.473014492753623,0.9795111615340565,224.7842605965411,7.534387681159421,0.978178985495408,264.0910861767295,7.405202898550724,0.9802725777322919,225.5364580674348,7.915202898550724,0.9806362182539011,243.231156329,6.999391304347828,0.9827244061194236,216.56364178974883,7.51347463768116,0.9782917407703525,263.26446921693724,7.987425724637681,0.9766693210678261,278.23751698179717,7.493931159420289,0.9800298454271905,246.36804293884057,7.769047101449274,0.9792901134220544,252.92423375044922,6.958565217391305,0.9836487991122733,176.9578404760773
us26,graph_raw_mean,avg_transceivers,21.354152173913047,0.9803391223885589,2097.501174974087,23.19680434782609,0.9725803789926961,2746.3704403026513,22.692804347826087,0.9793689935115436,2144.6712890216954,20.66613043478261,0.9800822345042188,2112.417224196087,20.59078260869565,0.9834778433671241,1689.8071130526084,19.681804347826088,0.9831276513440081,1707.7429547335219,21.134217391304347,0.9812428097870001,1942.1004010300871,21.78852173913043,0.9786843221139339,2224.987014100913,22.685478260869566,0.9809199611283975,2015.416887015913,21.24265217391305,0.9829109761339682,1698.9013924536089,23.675630434782608,0.9783603789509568,2230.974622090435,23.23191304347826,0.9764683894626185,2518.5576144288693,21.98573913043478,0.9820093836604677,1916.3702791172605,22.967782608695654,0.9804347522276414,2024.4945195260868,23.801239130434784,0.9686381900067211,3181.633655391478,21.23817391304348,0.9808822698019192,1828.6395683904782,21.149608695652173,0.9787746378345289,2268.4333533956956,22.167130434782607,0.9753695387100778,2467.160051859261,23.085891304347825,0.97527342491822,2784.445393708217,21.374608695652178,0.9771709658193699,2547.7080324571307,21.104695652173916,0.9817521467767144,1882.9823639263477,25.895891304347828,0.960286030051946,4260.47094037526,22.22786956521739,0.9794239386855755,2221.214930326956,20.779739130434784,0.9812518488696218,2024.5797683367389,20.516695652173915,0.9815015426300083,1741.965471222565
us26,graph_raw_mean,max_transceivers,25.691304347826087,0.9793894543399694,2835.446466086956,26.043478260869566,0.9765178264444304,2980.578306086956,25.87391304347826,0.9804069760777655,2684.721558260869,25.37391304347826,0.9814193304970716,2577.796471304348,26.669565217391305,0.9781970925408054,3017.6867617391304,23.630434782608695,0.982641870288695,2308.0988156521735,24.53913043478261,0.9806196829976269,2630.8887060869565,24.37391304347826,0.9840981639122909,2118.358460869565,27.504347826086956,0.9794880573923312,2862.9946330434786,24.304347826086957,0.9828839730185569,2290.230852173913,24.756521739130434,0.9815116925299661,2496.249913043478,27.608695652173914,0.9790581318443965,2902.715829565217,29.017391304347825,0.9748682020124816,3635.8597199999995,27.056521739130435,0.9792422776638268,2837.756443478261,26.3,0.9781384649161896,2768.5522782608696,24.878260869565217,0.9809572409639359,2372.0154017391305,25.1,0.9828861798154166,2282.891779130434,27.178260869565218,0.976831774848454,3059.995078260869,28.02173913043478,0.9757891979658457,3462.983716521738,24.94782608695652,0.9796579107187544,2960.230646956521,25.6,0.9811674085017278,2560.792940869565,28.752173913043478,0.953424896907109,6635.20939826087,26.678260869565218,0.9799358544159142,2808.5782173913044,25.582608695652173,0.9805003730661979,2780.64012,24.11304347826087,0.9801382367082857,2516.984151304347
us26,graph_raw_mean,sum_slots,491.1065217391304,0.9743911170859618,1060215.4971665218,472.18695652173915,0.9773792978981595,837088.2202226087,550.2717391304348,0.9582932098108677,1740622.9350052173,443.6282608695652,0.9798218666904129,823027.2028591303,518.6413043478261,0.9565023165862526,1857948.5726726085,461.8239130434783,0.9640107375498823,1467414.652668261,439.80652173913046,0.9835727477836943,630039.0206113041,431.6152173913043,0.9834946626479174,650082.3417586955,498.704347826087,0.9651374296001098,1467659.5369004349,460.0695652173913,0.9809623843256059,735569.88588,477.2413043478261,0.9808295129906143,752930.9256991304,482.9869565217391,0.9698487246006824,1237612.1079599997,474.51521739130436,0.9793940004465412,874585.8885169565,490.7217391304348,0.9785597385254429,871562.1563099999,440.5826086956522,0.98213398808707,657615.0845543478,456.4891304347826,0.9802023594269463,725719.8575817391,461.4065217391304,0.976750551734072,938991.5646965218,418.10869565217394,0.9832854324906423,629286.112533913,497.97391304347826,0.9793179059548687,866886.0035830435,424.4804347826087,0.9833367587530476,694793.2882969566,527.5239130434783,0.9648578475269817,1452466.6986521736,511.8521739130435,0.9735224689761466,1074747.1492408693,486.93260869565216,0.9770485374665445,939508.461093913,511.1282608695652,0.9752921100975482,1048418.6578669564,440.9217391304348,0.9795819358063071,746506.7670286956
us26,graph_raw_mean,avg_max_slot,8.25363043478261,0.978934640012684,258.5156356318695,8.493913043478262,0.9743051158463116,289.49829255060877,8.647260869565217,0.9772526497031495,275.6708651856957,8.258869565217392,0.9786844680369817,257.45621633517396,8.681478260869564,0.9759482818424774,294.0901128032173,9.500326086956521,0.9571051882365514,523.1638706344784,8.43817391304348,0.977815322104197,259.4326404143479,8.968630434782607,0.974528712000066,304.5119981296521,9.150608695652174,0.9684524653972639,395.0468317247391,8.564782608695651,0.9780288493559954,259.9293960565217,8.545347826086955,0.9756411896997829,291.7125121267825,8.022326086956522,0.9809093645433727,223.77334413091302,8.711652173913041,0.9754633998067921,309.5582256060434,9.720456521739132,0.969942087070959,371.1065414802609,9.099913043478262,0.9718750170285498,322.5213554803479,9.249086956521738,0.9710296527960885,325.9157101474348,8.816565217391306,0.9766358142361768,278.46600793030433,8.670978260869566,0.9742369586356961,300.0951842483044,8.696434782608694,0.9752872864577102,313.3463485183913,9.115108695652175,0.9712332421986934,365.64949689695646,9.97995652173913,0.9608814797585832,480.32484094339134,9.022826086956522,0.9733591649587814,324.8582732473044,8.59204347826087,0.9784005597188253,261.34741277547823,9.354239130434784,0.9730506160308322,338.67221632147823,8.028478260869566,0.9796249928988826,221.88289616786957
us26,graph_stat_dg,avg_transceivers,6.930019927536232,0.9973703594988551,243.97568377370544,7.386199275362321,0.9966738209356122,269.13467676768624,7.103478260869566,0.997025372919213,283.0743025434204,7.161887681159422,0.9967672870843409,299.24254804764274,6.602132246376811,0.9973345485504057,246.72213555865218,6.801210144927536,0.9970011463377794,271.40829156258445,6.98683695652174,0.9966891343111791,283.2098109787586,8.252376811594202,0.9962130840401118,354.1532899939421,7.534936594202898,0.996745337617603,303.7231600771112,6.819867753623188,0.997402951004658,221.79454601715463,8.088653985507246,0.9960897354017233,356.55075635132846,7.034693840579713,0.9972646796113236,260.4668497889372,7.828195652173912,0.9964680979940762,354.9359736851545,7.725487318840582,0.9964854883402605,324.3940442500485,6.994197463768114,0.996970848368847,240.68874156160376,6.927724637681158,0.9968622359391398,240.08408812038172,7.182103260869567,0.9969977580916147,284.4059458671789,6.641722826086957,0.9974892852907422,209.0427591482803,7.659204710144929,0.9968162819234697,304.7145023473187,7.045532608695654,0.9973224442073004,255.42157569585038,7.859124999999998,0.9961075826042317,354.5935190777294,6.88413586956522,0.9974363728069893,199.18866684761852,7.67706884057971,0.9961443452950813,384.39212950697123,7.146137681159418,0.9967855154354164,315.9618750433142,7.048784420289856,0.9970229446389002,254.79568243806762
us26,graph_stat_dg,max_transceivers,11.52608695652174,0.9956254176556503,559.8013501449274,12.082608695652175,0.9943468858551412,642.6004742028983,11.482246376811593,0.9953974673079697,557.4015024154588,11.171376811594202,0.9956876634956725,520.6636023188405,10.91485507246377,0.9960751623150738,457.4334086956521,9.980072463768115,0.996549326325717,403.54732714975836,12.22355072463768,0.9939328263865422,685.2120888888885,11.759420289855072,0.9953020031982068,570.2135770048309,11.939130434782609,0.9947825803872432,659.2826376811593,11.805797101449274,0.9947979017688706,641.7211843478259,12.395652173913044,0.9943795138365036,660.8897802898548,11.400724637681158,0.9954960906021236,560.8616228019323,12.447101449275362,0.9948672348479969,669.0727727536229,12.416666666666668,0.9941786094081596,762.4745949758454,11.909420289855072,0.9942899673638702,652.9708751690819,11.45072463768116,0.9954081755108999,511.6855441545893,11.954710144927535,0.9947068531265154,650.8561638647341,11.988768115942028,0.9946240490070054,625.2700081159418,12.399275362318843,0.9947048230854365,667.4151582608692,10.946376811594204,0.9959808459117806,512.4552801932365,11.552898550724636,0.9949300172182859,593.7171659903378,12.08804347826087,0.9949837468172256,559.4180394202898,11.64927536231884,0.9949921489074725,643.3300262801931,12.156521739130435,0.9946098209781737,659.6286600966182,11.905797101449275,0.9947544706961741,614.3153642512076
us26,graph_stat_dg,sum_slots,297.7842391304348,0.9906380854741755,365186.48603956524,276.3945652173913,0.9920700906235577,273938.6695613043,301.35434782608695,0.9903881899465876,363336.6620608696,279.3461956521739,0.9912501847890915,326086.29556782596,298.95815217391305,0.9907850054720119,353801.36884695647,284.67119565217394,0.9907406721907532,344313.5716765218,288.9054347826087,0.9905158438201711,350051.6209669565,331.6054347826087,0.9875239983909488,492420.7339930435,257.0483695652174,0.993342742530184,255994.89064,297.3880434782609,0.9908539615357191,346100.79997652175,285.5652173913044,0.9911360493884791,325804.72483260866,306.36847826086955,0.9903550822704518,367412.4554495652,307.9076086956522,0.9912079719950044,342007.7283795652,281.9630434782609,0.9923127311283338,280742.22466434777,280.6119565217391,0.99100373463605,314520.37886565214,300.12282608695654,0.9897564804482544,343815.3666834782,294.07010869565215,0.9902762300383563,379743.19753695646,299.1125,0.9895126059291013,387541.9519852173,299.52934782608696,0.9901870123618695,388197.74251086946,267.6119565217391,0.9933119612343836,260278.66425304345,295.67282608695655,0.9905615993105765,350310.8488526087,321.63315217391306,0.9897549450671175,361976.79144173913,304.4695652173913,0.990948079992031,348314.52793695644,297.74945652173915,0.9903796705463348,376679.4488021739,289.7032608695652,0.99014635297143,359539.8283769564
us26,graph_stat_dg,avg_max_slot,5.693297101449276,0.9891323426028256,126.96562429383093,5.600692028985508,0.9901757455604391,102.70338655353622,6.1277137681159415,0.9878818719921584,138.84471977086474,6.0700181159420294,0.9870143355738049,152.91775506982611,6.429150362318841,0.9875006856132713,150.1934157243189,6.254235507246376,0.9876176593567101,140.61198096998547,6.16136231884058,0.9870503291496164,146.5721562651498,7.085237318840578,0.9835065812008109,194.7992210237246,6.112728260869564,0.9889875780210412,128.9636059823092,6.00190036231884,0.9891472752377979,122.7812804356425,6.553938405797101,0.985563079447105,165.9853921605073,6.347737318840579,0.9862733674847914,160.04381729325118,6.48027536231884,0.9863347401422115,166.35704253739615,6.155822463768117,0.9882009630770751,135.94390864055552,6.041659420289855,0.9867240224323385,142.5402594896811,6.297958333333333,0.9865897320123147,139.49644550810146,5.742260869565217,0.9895255287816003,118.33123373805314,6.460679347826087,0.9856505776213487,160.84136225057975,6.517510869565218,0.9861975426571515,169.14627632077296,6.074641304347828,0.9887541255618814,136.52887671454587,6.134057971014491,0.9866031233107974,154.94823018284063,5.682159420289855,0.9903204352149295,107.02198668699997,5.7027663043478265,0.9899161747865722,115.93034778684539,6.509389492753623,0.9872177148712094,148.8947562259082,6.107394927536232,0.9865455277996491,140.33752636510138
us26,graph_stat_mdg,avg_transceivers,6.048409420289854,0.9981920623726722,150.80655967832857,6.350273550724638,0.9975293560176244,184.1380569011546,5.789050724637684,0.9983436294035186,130.42364270031894,6.281074275362319,0.9976562268640973,215.8940450323528,6.177019927536232,0.9979264080890928,180.62488621733334,6.093920289855074,0.9978007276716201,182.83194294758468,6.057210144927538,0.9978336395722824,173.63032506263787,6.451213768115944,0.997807896574243,192.41013333970554,6.078003623188403,0.99794245125518,179.86625519323664,6.0280000000000005,0.9981313749172699,163.74847070849273,5.880123188405797,0.9983028299178693,131.5053252499372,6.476340579710144,0.9975815698846694,216.1135869446328,6.246922101449276,0.9980675101624611,181.36279206534303,6.5699130434782615,0.9976853718910479,191.65481400600487,6.198804347826089,0.9976353376996431,188.1992946427731,6.721884057971013,0.9971755733075535,214.1684485524927,6.077083333333336,0.9979681416070525,186.655834696348,5.905885869565215,0.9980822394026304,156.99655641989378,6.124784420289856,0.9978970760268913,193.03668205985514,5.848728260869567,0.9980750128821376,181.81462973712078,5.850262681159421,0.9980275217947107,165.9603805822368,6.410509057971014,0.9977331697333659,180.854535456343,6.669724637681158,0.9973677738909772,237.4054862516475,6.000891304347824,0.9982121053628362,154.28276407365712,5.9325652173913035,0.997992172200185,168.97306674554582
us26,graph_stat_mdg,max_transceivers,9.775724637681162,0.9970847119426501,347.13983826086957,10.205072463768117,0.9964025486371054,371.4964289855072,9.896376811594202,0.9969657879704691,321.20517294685976,9.868478260869566,0.996630452545651,399.2580560386471,10.200362318840579,0.9963620789498678,442.0951064734298,9.097463768115944,0.9972963555597593,284.4671659903381,9.797101449275361,0.9966598816849712,341.5124544927534,9.475362318840578,0.9970556693150506,349.2646475362318,9.6018115942029,0.9970782548058514,333.2346096618356,9.257971014492755,0.9976424187581093,256.31367516908205,9.880072463768116,0.9968800119448803,341.57558299516904,10.048913043478262,0.9966692059647777,400.3498133333332,9.29963768115942,0.9974597514357074,290.54854473429936,10.168840579710146,0.9966768023449424,361.753202705314,9.540217391304346,0.996750423877613,338.61561816425103,9.759782608695652,0.9966250758267506,351.8096077294684,9.409782608695652,0.9972656491198352,317.7926774879227,9.645652173913044,0.9967624889317018,342.06357545893707,10.302173913043479,0.9970788272995881,327.47881719806753,9.720289855072464,0.9968372205496725,382.12699768115925,9.019202898550724,0.9974058254846567,288.75134724637667,9.968115942028987,0.996820376699288,327.7148011594202,9.31014492753623,0.9974708926266449,287.93355381642505,9.570289855072463,0.9970000343642258,350.2306285990337,9.522101449275363,0.9967033334396771,370.73103748792266
us26,graph_stat_mdg,sum_slots,276.5483695652174,0.9926447368039135,277138.2041521739,282.5228260869565,0.9920013587140547,271665.42672391306,293.34021739130435,0.9915077670390661,309669.9973473913,253.0375,0.9929522021855809,261857.435813913,275.1010869565217,0.9920747651655284,303491.427533913,281.7657608695652,0.9912092607559511,323656.69496130437,283.629347826087,0.9911660812958736,313482.92671260866,300.50652173913045,0.9907064834149872,365108.8574695652,266.5440217391304,0.9931880506799758,254902.23790130432,273.7005434782609,0.9925122447177913,275312.34782913036,280.4233695652174,0.9919324306380015,298484.5627804348,278.42826086956524,0.9919228983256965,293570.2646278261,303.4288043478261,0.991240583056719,341370.64584217384,302.45217391304345,0.990915768889823,338880.1145326087,282.9108695652174,0.9916297790823295,290658.40006434784,285.75760869565215,0.9904337847088639,327033.9245517391,313.14565217391305,0.9899549570203959,389910.5824882608,260.420652173913,0.9929462131515995,244781.07862391297,261.3554347826087,0.9936561333924242,233302.06629260865,267.55434782608694,0.9932978958138217,252610.09855521738,272.7260869565217,0.9920639085327165,295983.2518573914,301.66521739130434,0.9913228898297819,319168.6911030434,273.5592391304348,0.9923456525095888,296587.64152434777,263.0516304347826,0.9932329880891085,250691.43842,267.70380434782606,0.9920889710218497,274208.56850304344
us26,graph_stat_mdg,avg_max_slot,5.686061594202898,0.9900976976736635,115.30465032759423,6.056659420289855,0.987231484461407,135.81055176491304,5.558646739130435,0.9906833632301904,101.8988017417681,5.952528985507246,0.9880139292600477,139.48984805012554,6.087923913043479,0.9892370950277396,124.77021123902415,6.366626811594203,0.9871171254100813,142.84745004598068,5.986253623188407,0.9883862141040458,128.62982121883093,6.388985507246377,0.9867981527695256,155.00350596632848,6.295307971014493,0.98764207829006,144.71055084075846,5.998545289855072,0.9884533860557891,133.08849478657004,6.271853260869565,0.9870240643578218,151.03403917756523,5.983014492753623,0.9876093343284957,140.9994453128019,6.208670289855071,0.9883437721335342,139.09473230283572,6.126501811594203,0.9883875086186389,132.24091016240092,6.129059782608694,0.9868983217037259,144.48815018251685,5.923655797101449,0.9881233120161015,122.9220513661014,6.31769384057971,0.9869652616573185,149.8800866928406,6.175048913043477,0.987849200182111,132.08555451335744,5.852135869565216,0.9898857681628656,120.48442439914977,5.853731884057972,0.9891516770640215,128.75954155707242,5.2450326086956505,0.9910279736426986,99.42899676975367,6.309380434782609,0.9877325634273961,140.03442482374876,5.893394927536231,0.9894224102043664,125.43680377775361,5.921242753623188,0.9898385420169866,116.84249065926566,5.723222826086956,0.989722852939425,105.73243316710142
