topology,representation,n_requests,target,regressor,fit.time_0,pred.time_0,mae_0,fit.time_1,pred.time_1,mae_1,fit.time_2,pred.time_2,mae_2,fit.time_3,pred.time_3,mae_3,fit.time_4,pred.time_4,mae_4,fit.time_5,pred.time_5,mae_5,fit.time_6,pred.time_6,mae_6,fit.time_7,pred.time_7,mae_7,fit.time_8,pred.time_8,mae_8,fit.time_9,pred.time_9,mae_9
euro28,graph_raw_conn,100,avg_transceivers,SVR,0.0015079999999999538,0.0005159999999999609,2.1241175903508944,0.0011550000000000171,0.0004790000000000072,2.7127466780069414,0.0012780000000000014,0.0005070000000000352,2.351927322469872,0.0013810000000000766,0.00047799999999997844,1.7751069953012248,0.0012130000000000196,0.0005610000000000337,2.1670496328524607,0.0011459999999999804,0.00045399999999995444,2.227254604248408,0.0014290000000000136,0.0004650000000000487,2.7563513192805003,0.0012680000000000469,0.0004509999999999792,1.7802762399682563,0.0011179999999999524,0.00043999999999999595,1.9161213363752054,0.001100000000000101,0.00045000000000006146,3.0885660387977554
euro28,graph_raw_conn,100,avg_transceivers,MLPRegressor,0.43787300000000007,0.000140000000000029,0.8688962150022178,0.37555099999999997,0.00014099999999994672,1.3436224762899045,0.355831,0.00012699999999998823,1.2702452048643154,0.41234100000000007,0.000172000000000061,0.6783167118988942,0.37383500000000014,0.0001330000000003828,0.6715241234927518,0.2954859999999999,0.00013800000000019352,0.9602904896285367,0.35019199999999984,0.0001389999999998892,1.6833196794864818,0.42787399999999964,0.00013599999999991397,1.1916938032445188,0.35529600000000006,0.00015900000000002024,1.8858909847154124,0.4005420000000006,0.00013299999999993872,1.1273183880550874
euro28,graph_raw_conn,100,avg_transceivers,DecisionTreeRegressor,0.002534999999999954,0.00011199999999966792,1.0399999999999963,0.0025540000000008334,0.00020799999999976393,1.2177499999999952,0.0025119999999994036,0.00017300000000020077,1.210083333333334,0.002468000000000359,7.699999999921658e-05,0.7453333333333291,0.002762999999999849,8.400000000019503e-05,1.5095833333333417,0.002411000000000385,7.299999999954565e-05,0.5245833333333352,0.002489999999999881,0.00011300000000069588,1.0514166666666611,0.0025700000000004053,0.00011399999999994748,1.4726666666666688,0.0024399999999999977,0.00014599999999997948,6.17708333333333,0.002361999999999753,9.600000000009601e-05,1.3932499999999977
euro28,graph_raw_conn,100,avg_transceivers,KNeighborsRegressor,0.00022900000000003473,0.02445300000000028,3.260400000000003,0.0023780000000002133,0.0028649999999998954,3.3588999999999998,0.001210999999999629,0.0016660000000001673,2.2506000000000013,0.0017249999999995325,0.0024290000000002365,2.2051000000000074,0.0011090000000004707,0.002413999999999916,3.3424999999999967,0.0012259999999999494,0.0016239999999996257,2.7494000000000014,0.0009790000000000632,0.0028060000000005303,2.5937999999999946,0.0010759999999994108,0.002240000000000464,3.5398999999999985,0.000988000000000433,0.0028529999999999944,2.4716000000000036,0.0009410000000000807,0.0017940000000002954,3.691300000000001
euro28,graph_raw_conn,300,avg_transceivers,SVR,0.012351000000000667,0.004423000000000066,5.449428168473583,0.009139999999999482,0.003354999999999997,6.949992841502779,0.0108119999999996,0.0040480000000000516,6.597553023228295,0.010305999999999926,0.004256999999999955,5.878002211665529,0.010927000000000575,0.0046200000000000685,6.126869582819057,0.011365999999999765,0.004278000000000226,6.81928744125201,0.010123999999999356,0.004045999999999772,7.414946106133868,0.0103339999999994,0.004194000000000031,5.177579827637226,0.009055000000000035,0.0035729999999993822,6.98905407685271,0.010021000000000058,0.00418300000000027,5.752094263551544
euro28,graph_raw_conn,300,avg_transceivers,MLPRegressor,0.7954939999999997,0.0012900000000000134,7.331376096750586,1.3466939999999994,0.000128000000000128,3.725632261701276,0.08586099999999952,0.00013000000000040757,6.978761816608068,0.5589110000000002,0.0001340000000000785,3.2419354587061378,0.101267,0.00014599999999997948,5.743431249268577,0.09824900000000003,0.00013099999999965917,8.686056763716248,0.0986830000000003,0.0001769999999998717,8.627089241429427,0.997478000000001,0.00013099999999965917,1.2405543387304534,0.8727540000000005,0.00013199999999891077,4.588625572509312,0.957961000000001,0.0001610000000002998,2.5324332255086004
euro28,graph_raw_conn,300,avg_transceivers,DecisionTreeRegressor,0.0036730000000009255,0.00010900000000013677,2.9084166666666875,0.003793999999999187,0.00013799999999974943,3.656749999999988,0.0036210000000007625,7.300000000043383e-05,3.1989166666666504,0.003800999999999277,9.499999999995623e-05,1.704333333333358,0.0038160000000004857,7.90000000012725e-05,1.6349166666667088,0.003697999999999979,0.00023900000000054433,3.0181666666666898,0.0034850000000012926,7.400000000146179e-05,3.4826666666666712,0.0038730000000004594,0.00023400000000073362,4.030750000000012,0.0035399999999992104,0.0001020000000000465,5.792500000000001,0.0036959999999996995,8.499999999855845e-05,3.3607500000000075
euro28,graph_raw_conn,300,avg_transceivers,KNeighborsRegressor,0.00019499999999972317,0.0016329999999999956,6.55580000000001,0.0012689999999988544,0.001730999999999483,7.637999999999982,0.0011569999999991865,0.001991000000000298,6.735899999999992,0.0013059999999995853,0.00184699999999971,6.28309999999999,0.0012810000000005317,0.0025340000000007024,6.593600000000004,0.0012699999999998823,0.004939000000000249,8.538100000000004,0.001130999999999105,0.0034429999999989747,7.101299999999992,0.001160000000000494,0.0022489999999990573,6.948299999999972,0.0010879999999993117,0.0017930000000010438,9.173400000000004,0.001090999999998843,0.0017540000000000333,5.308299999999991
euro28,graph_raw_conn,500,avg_transceivers,SVR,0.011102000000001055,0.004240000000001132,10.232699255631701,0.008865000000000123,0.004010000000000957,11.427567279009612,0.01052199999999992,0.003978000000000037,11.638582960999083,0.010282000000000124,0.004208999999999463,6.975152544618584,0.00926199999999966,0.0036749999999994287,10.66533264930269,0.009613999999999123,0.004132999999999498,12.15751367235032,0.010194000000000258,0.004081999999998587,11.30516056124701,0.010585999999999984,0.0041560000000000485,8.730156073916215,0.009797000000000722,0.0036999999999984823,6.605874529924631,0.010311999999998989,0.004230999999998986,12.080654284306513
euro28,graph_raw_conn,500,avg_transceivers,MLPRegressor,0.8457919999999994,0.0009709999999998331,9.344556263488471,0.37975700000000145,0.00015299999999918157,12.137004403840518,0.09353600000000029,0.000128000000000128,13.200703629602117,0.09908599999999979,0.00013200000000068712,8.39101497557922,0.08715899999999976,0.00013099999999965917,13.091502057769702,0.6048399999999994,0.00013299999999993872,3.7698755542008655,1.074038999999999,0.00016300000000057935,6.136239031465164,0.09932500000000033,0.00013200000000068712,10.114896512635625,0.08837999999999901,0.0001640000000016073,6.984189370714131,0.0982050000000001,0.00013099999999965917,13.347672051659988
euro28,graph_raw_conn,500,avg_transceivers,DecisionTreeRegressor,0.004609999999999559,8.09999999997757e-05,4.598333333333318,0.004739000000000715,0.00011500000000097543,3.4849166666666633,0.0040919999999999845,8.00000000005241e-05,6.060583333333335,0.005143000000000342,8.699999999883801e-05,2.632999999999993,0.004927999999999599,0.0001270000000008764,3.2295833333333293,0.0044199999999996464,7.899999999949614e-05,5.882916666666671,0.004691000000001111,8.200000000080365e-05,4.5139999999999985,0.0054280000000002104,0.0001449999999998397,3.574833333333328,0.004203000000000401,7.300000000043383e-05,15.467000000000008,0.004554999999999865,7.800000000024454e-05,2.2020833333333085
euro28,graph_raw_conn,500,avg_transceivers,KNeighborsRegressor,0.0001820000000005706,0.0025209999999997734,7.214600000000013,0.0011179999999999524,0.001962999999999937,6.987700000000001,0.0010099999999990672,0.0019439999999999458,9.63760000000001,0.0014649999999996055,0.003949999999999676,6.415400000000039,0.0012359999999986826,0.005471999999999255,6.2848000000000015,0.0015660000000004004,0.002147000000000787,6.259500000000003,0.0012249999999998096,0.0017379999999995732,9.069899999999995,0.0012650000000000716,0.002783000000000868,6.398599999999976,0.0012610000000012889,0.0020450000000007407,6.539799999999991,0.0011279999999995738,0.0024540000000001783,8.4274
euro28,graph_stat_dg,100,avg_transceivers,SVR,0.003352999999998829,0.0010089999999998156,2.6984504345447933,0.002704000000001372,0.0008539999999985781,3.303839067074442,0.002553999999999945,0.000774999999999082,2.625535706376513,0.0027329999999992083,0.000828000000000273,2.3572605184223776,0.002624000000000848,0.0009730000000001127,2.560532290896215,0.0028129999999997324,0.0009110000000003282,2.811108664002802,0.0031789999999993768,0.0010120000000011231,3.3938491599706127,0.003087000000000728,0.0009760000000014202,2.226300438466859,0.0030229999999988877,0.0009810000000012309,1.9152159313828705,0.002955000000000041,0.0009459999999990032,3.4530030079518967
euro28,graph_stat_dg,100,avg_transceivers,MLPRegressor,0.020798000000000982,0.0007610000000006778,41.21672443943818,0.03312999999999988,0.00047499999999978115,161.24079528484032,0.027165000000000106,0.0005950000000005673,131.81070377321527,0.03106999999999971,0.0006159999999990617,147.89799903273874,0.025498000000000687,0.0006920000000008031,74.62594899047708,0.02396599999999971,0.000610999999999251,20.1311600138141,0.037513000000000574,0.0006040000000009371,23.431851783749487,0.03605400000000003,0.0007450000000002177,161.92799114758793,0.02973200000000098,0.0005820000000014147,152.0859685830127,0.024174000000000362,0.0005879999999987007,110.06527174975975
euro28,graph_stat_dg,100,avg_transceivers,DecisionTreeRegressor,0.0033189999999994058,0.0005310000000005033,0.7331666666666677,0.003382000000000218,0.000548000000000215,0.9640833333333305,0.003004000000000673,0.0005000000000006111,0.681083333333332,0.0026809999999990453,0.0003570000000010509,0.6383333333333283,0.002838999999999814,0.00047499999999978115,0.8365833333333356,0.002886999999999418,0.00047099999999922204,0.33366666666666733,0.0027540000000012554,0.00042700000000017724,0.9598333333333272,0.002667000000000641,0.00047800000000108867,0.906416666666668,0.0026049999999990803,0.0004689999999989425,0.6320833333333354,0.0029250000000011767,0.000496000000000052,1.4902500000000003
euro28,graph_stat_dg,100,avg_transceivers,KNeighborsRegressor,0.0012329999999991514,0.0021290000000000475,1.7945000000000007,0.0008900000000000574,0.003348000000000795,2.1102000000000003,0.001060000000000727,0.001745999999998915,1.6867999999999967,0.0010860000000008085,0.001519000000000048,1.7689000000000035,0.0011529999999986273,0.0015859999999996433,2.1624000000000096,0.0010340000000006455,0.0014729999999989474,2.3549000000000007,0.0009990000000001942,0.0014599999999997948,2.2185999999999977,0.0010500000000011056,0.0016999999999995907,1.803100000000002,0.0008970000000001477,0.0014260000000003714,1.3530000000000002,0.0009569999999996526,0.001414999999999722,2.4789000000000043
euro28,graph_stat_dg,300,avg_transceivers,SVR,0.003282999999999703,0.001056000000000168,6.145447442586732,0.002826999999999913,0.0009910000000008523,7.234096565644512,0.003225999999999729,0.0010239999999992477,7.092763450770207,0.002938999999999581,0.000664000000000442,6.415606282402109,0.002905999999999409,0.0009850000000000136,6.863512885929117,0.002361999999999753,0.0008429999999997051,7.579585487651843,0.002892000000001005,0.0009099999999993003,8.119237133395057,0.003011000000000763,0.0010010000000004737,5.733029633374452,0.0030889999999992312,0.0009739999999993643,7.3736619179524725,0.002962000000000131,0.0009460000000007796,6.302989195411226
euro28,graph_stat_dg,300,avg_transceivers,MLPRegressor,0.024680000000000035,0.0005179999999995744,161.64974613978262,0.03496099999999913,0.000612000000000279,2512.5157972897664,0.031499000000000166,0.0010040000000000049,498.96264990796743,0.037034999999999485,0.0005930000000002877,2502.105298481706,0.0343239999999998,0.0005870000000012254,29.198914029767252,0.033981000000000705,0.0004390000000000782,185.3383776724279,0.04319600000000001,0.0006160000000008381,2519.213887350608,0.04189899999999902,0.0006079999999997199,2657.0930872881154,0.01664299999999841,0.0005700000000015137,90.56478771646884,0.026170999999999722,0.0007059999999992073,1574.0010744806355
euro28,graph_stat_dg,300,avg_transceivers,DecisionTreeRegressor,0.0030799999999988614,0.0005450000000006838,1.6931666666666785,0.0026679999999998927,0.000512000000000512,3.8454166666666536,0.0025420000000000442,0.0004910000000002412,1.774166666666656,0.0025220000000008014,0.0004739999999987532,2.7535833333333586,0.002271000000000356,0.0004120000000007451,1.8249166666666894,0.0024389999999989698,0.00040599999999990644,1.8366666666667073,0.002356000000000691,0.00044700000000119644,3.4299999999999953,0.002615000000000478,0.0004609999999996006,1.462750000000011,0.0025420000000000442,0.0004919999999994928,2.5755000000000337,0.0027879999999989025,0.000536000000000314,3.7006666666666606
euro28,graph_stat_dg,300,avg_transceivers,KNeighborsRegressor,0.0012249999999998096,0.0020319999999998117,2.8367000000000133,0.0010510000000003572,0.0014600000000015712,4.399599999999998,0.0010700000000003485,0.001513999999998461,4.2612999999999825,0.0009969999999999146,0.0014469999999988659,3.687000000000012,0.0009709999999998331,0.0014349999999989649,2.8142000000000054,0.0011299999999998533,0.001388000000000389,3.656100000000015,0.0009639999999997428,0.0015079999999993987,4.400699999999995,0.0022380000000001843,0.002403000000001043,2.3234999999999957,0.0010989999999999611,0.0018010000000003856,3.5769000000000117,0.0010729999999998796,0.0015780000000003014,4.3331999999999935
euro28,graph_stat_dg,500,avg_transceivers,SVR,0.010502999999999929,0.0030820000000009173,11.549761841704946,0.003294000000000352,0.0009860000000010416,12.820744656279885,0.002340000000000231,0.000844000000000733,12.59304760019192,0.0026100000000006673,0.0006620000000001625,7.9455423111409,0.0024580000000007374,0.0008750000000006253,11.240545081447374,0.0030469999999986896,0.0009610000000002117,13.300787378712915,0.002381000000001521,0.0009600000000009601,12.667851707015098,0.0027720000000002187,0.0009589999999999321,9.795654921172417,0.0028769999999997964,0.0009579999999989042,7.771339298399289,0.002780999999998812,0.0009340000000008786,13.182393634125253
euro28,graph_stat_dg,500,avg_transceivers,MLPRegressor,0.023407000000000622,0.0006570000000003517,1390.9673264605508,0.03300600000000031,0.0005579999999998364,7953.590869300785,0.025441000000000713,0.000558999999999088,5511.492753973696,0.030981999999999843,0.0005699999999997374,7437.8515500783105,0.028761000000001147,0.0007690000000000197,491.1013081733193,0.03991599999999984,0.0005090000000009809,304.60805541691514,0.02311600000000169,0.0006069999999986919,1489.5223463580453,0.029253999999998115,0.0009459999999990032,7913.013486729564,0.03334299999999857,0.0006149999999998101,8114.627213534128,0.02384800000000098,0.0005930000000020641,3235.1900446881295
euro28,graph_stat_dg,500,avg_transceivers,DecisionTreeRegressor,0.0032749999999985846,0.0005379999999988172,6.6258333333333095,0.0028950000000023124,0.0005050000000004218,6.439749999999992,0.002684000000002129,0.0004789999999985639,7.600083333333328,0.002646999999999622,0.0004849999999976262,2.5960000000000036,0.002641999999998035,0.0004770000000000607,10.373583333333329,0.0025900000000014245,0.0004729999999995016,3.8882499999999935,0.002468999999997834,0.00046999999999997044,5.796249999999986,0.0028079999999981453,0.0005139999999990152,6.225833333333322,0.0024999999999977263,0.00029099999999715465,13.450666666666677,0.0028410000000000935,0.00043099999999896,8.493499999999965
euro28,graph_stat_dg,500,avg_transceivers,KNeighborsRegressor,0.0012840000000018392,0.0020580000000016696,7.539299999999986,0.0010930000000008988,0.0015180000000007965,11.632900000000001,0.0011359999999989157,0.0015619999999998413,9.197699999999987,0.0008870000000023026,0.0032040000000002067,11.100400000000002,0.0010630000000020345,0.00150199999999856,8.335200000000032,0.0010550000000009163,0.001502999999999588,9.334199999999992,0.0008469999999967115,0.0013339999999999463,11.044599999999992,0.0010219999999989682,0.0026279999999978543,11.890100000000052,0.0010479999999972733,0.0014519999999969002,8.41059999999996,0.0006239999999984036,0.0026029999999970244,8.36839999999999
euro28,mean,100,avg_transceivers,SVR,0.0033959999999986223,0.0015439999999991016,2.2492914921632687,0.0032260000000015054,0.0014420000000008315,2.787413904108395,0.0038049999999998363,0.0014409999999998035,2.3994638717113816,0.003389000000002085,0.00158400000000114,1.7425134357859264,0.002755000000000507,0.0012630000000015684,2.1856024286433353,0.004477999999998872,0.0014659999999970807,2.3006305093502446,0.003291000000000821,0.001449999999998397,2.746597816548443,0.003412000000000859,0.001281000000002308,1.9197959327863061,0.0031250000000007105,0.0014919999999989386,1.923681174581003,0.0033230000000017412,0.0014479999999998938,3.0641723964783765
euro28,mean,100,avg_transceivers,MLPRegressor,0.0398619999999994,0.0005170000000020991,44.482836184692516,0.5443390000000008,0.0007500000000000284,9.78835677071746,0.6119519999999987,8.700000000061436e-05,6.775245253849843,0.08075099999999935,8.499999999855845e-05,3.1952378135435042,0.06825300000000212,8.599999999958641e-05,10.857556618428184,0.08568499999999801,8.700000000061436e-05,4.688313747863276,0.07561600000000013,8.00000000005241e-05,8.522734366604393,0.1332880000000003,8.300000000005525e-05,2.3681509889062853,0.05606800000000334,8.19999999990273e-05,19.105329007991234,0.12473100000000059,8.700000000061436e-05,10.4436780488906
euro28,mean,100,avg_transceivers,DecisionTreeRegressor,0.0027390000000018233,7.300000000043383e-05,1.5564999999999998,0.002704999999998847,0.0001049999999978013,1.1584999999999979,0.002596999999997962,5.3999999998666226e-05,1.6379999999999995,0.0027949999999989927,7.300000000043383e-05,0.663499999999992,0.0026730000000014797,5.799999999922534e-05,0.960499999999999,0.002900999999997822,0.00010200000000182285,1.2915000000000005,0.002601999999999549,5.799999999922534e-05,1.380999999999999,0.002746999999999389,6.799999999884676e-05,0.913500000000002,0.0028159999999992635,5.499999999969418e-05,2.7264999999999957,0.002902999999999878,6.49999999993156e-05,1.1215000000000033
euro28,mean,100,avg_transceivers,KNeighborsRegressor,0.0001259999999980721,0.0014390000000013004,2.986800000000001,0.0009860000000010416,0.002091000000000065,3.4124000000000008,0.0009420000000019968,0.003736999999997437,2.034900000000005,0.0007850000000004798,0.001537000000002564,2.7255999999999974,0.0007749999999973056,0.0030010000000011416,3.078699999999999,0.0008650000000010039,0.0015909999999976776,2.6676,0.0007850000000004798,0.0013709999999989009,2.8197999999999994,0.0009399999999999409,0.0013779999999989911,3.5113999999999947,0.0007090000000005148,0.0013659999999973138,2.3895999999999944,0.0008269999999974686,0.001344999999997043,3.069699999999993
euro28,mean,300,avg_transceivers,SVR,0.006136999999998949,0.00269299999999717,5.4275500586289755,0.0050370000000015125,0.0017470000000017194,6.795715598706937,0.005102000000000828,0.001860000000000639,6.503732819765122,0.005936999999999415,0.0030999999999998806,5.84679674652462,0.00550699999999793,0.002089999999999037,5.959296467463355,0.005465999999998417,0.00231899999999996,6.771082515715909,0.005466000000001969,0.002040999999998405,7.2938025068858225,0.005193000000002002,0.0020610000000012008,5.139616669192708,0.004664000000001778,0.0018999999999991246,6.7770362265256665,0.005575999999997805,0.002100000000002211,5.891363779021117
euro28,mean,300,avg_transceivers,MLPRegressor,0.8210380000000015,0.0007350000000023726,13.224827100183779,0.5595829999999999,0.0008130000000008408,29.297137167428826,0.15067200000000014,9.899999999873899e-05,17.37760320130572,0.13884499999999989,9.599999999920783e-05,10.798871453676224,0.11207399999999978,0.0001010000000007949,8.38996565527484,0.10475499999999727,9.800000000126374e-05,8.44942920770698,0.12035400000000251,0.00010699999999985721,32.86155708986127,0.17938000000000187,9.90000000022917e-05,7.556315565229227,0.1848350000000032,0.00011999999999900979,49.57380542685566,0.14196399999999798,9.90000000022917e-05,31.500089044237757
euro28,mean,300,avg_transceivers,DecisionTreeRegressor,0.007691000000001225,0.0002899999999996794,3.200999999999999,0.007158999999997917,8.19999999990273e-05,4.0375,0.006807999999999481,0.00014799999999937086,4.4874999999999945,0.007277999999999452,0.0001010000000007949,2.115500000000009,0.007229999999999848,6.800000000239947e-05,1.5139999999999987,0.007827999999999946,0.00011100000000041632,2.983499999999998,0.006847000000000492,7.499999999893703e-05,4.223000000000002,0.007307000000000841,0.00012100000000003774,3.315500000000026,0.007511999999998409,7.799999999846818e-05,5.955499999999984,0.007282000000000011,0.00011200000000144428,4.521999999999997
euro28,mean,300,avg_transceivers,KNeighborsRegressor,0.00013599999999769352,0.0016440000000024213,5.955100000000004,0.0008540000000003545,0.0015919999999987056,5.894999999999987,0.001068000000000069,0.001613000000002529,4.762400000000014,0.0009110000000021046,0.0014630000000011023,4.659600000000006,0.0005659999999991783,0.002773999999998722,4.527199999999982,0.0007219999999996674,0.0026960000000002537,7.618500000000012,0.000738999999999379,0.0017399999999980764,5.867899999999997,0.0007780000000003895,0.0013849999999990814,4.023399999999986,0.000913999999998083,0.001356000000001245,5.939099999999996,0.0010709999999996,0.0018549999999990519,5.702399999999978
euro28,mean,500,avg_transceivers,SVR,0.008062000000002456,0.003036000000001593,10.593618532076942,0.0067720000000015546,0.0025669999999990978,11.641332800755947,0.007003999999998456,0.0028419999999975687,11.869170770715163,0.007699999999999818,0.002694999999999226,6.885846308498015,0.0075769999999977244,0.0037400000000005207,10.689255995564633,0.007683999999997582,0.002728000000001174,12.322096881297465,0.008766999999998859,0.0030740000000015755,11.4500106886315,0.008061000000001428,0.002985999999999933,8.823061634867418,0.0075579999999995096,0.003204999999997682,6.683254628605613,0.007691000000001225,0.0030190000000018813,12.341674565693205
euro28,mean,500,avg_transceivers,MLPRegressor,1.2196099999999994,0.00010899999999836041,21.124283386646464,0.09793799999999919,0.00011399999999994748,38.86150566272506,0.2123880000000007,0.00010800000000088517,22.92822415216504,0.23006499999999974,0.00011299999999891952,15.71959830011266,0.28314400000000006,0.00010899999999836041,18.87716813459818,0.2510690000000011,0.00011699999999947863,18.93680299110406,0.0173640000000006,0.00011299999999891952,75.49978162724122,0.29695600000000155,0.00010899999999836041,4.616430978387297,0.3307310000000001,0.00010600000000238197,49.599377627918116,0.1452859999999987,0.00011100000000041632,27.630080138948625
euro28,mean,500,avg_transceivers,DecisionTreeRegressor,0.01207600000000042,0.00011900000000153454,4.745499999999981,0.013356999999999175,0.00013500000000021828,6.539000000000004,0.011275000000001256,9.800000000126374e-05,5.557999999999998,0.011262999999999579,0.00015900000000002024,4.626999999999981,0.012250999999999124,0.00015199999999992997,3.5784999999999854,0.012111999999998346,0.000128000000000128,3.3850000000000025,0.01299099999999953,0.00024900000000016576,7.485999999999995,0.013496000000003505,9.400000000070463e-05,2.9909999999999854,0.011669999999998737,0.00014399999999881175,6.972999999999985,0.011890999999998542,0.0001409999999992806,3.0309999999999775
euro28,mean,500,avg_transceivers,KNeighborsRegressor,0.00015900000000002024,0.0035759999999989134,7.75739999999999,0.0011569999999991865,0.003031000000000006,9.931999999999993,0.0011599999999987176,0.002237999999998408,11.123799999999983,0.000989999999998048,0.0032500000000013074,5.632100000000025,0.0011850000000031002,0.0031980000000011444,8.962399999999997,0.0011660000000013326,0.0027100000000004343,10.46869999999999,0.0009580000000006805,0.0017789999999990869,9.950199999999985,0.0009319999999988227,0.0023060000000008074,7.5817000000000005,0.0010510000000003572,0.002452000000001675,6.666999999999996,0.0009879999999995448,0.0018810000000009097,9.617599999999987
us26,graph_raw_conn,100,avg_transceivers,SVR,0.00876400000000288,0.003420000000001977,3.9077425116818345,0.009225000000000705,0.0033840000000004977,1.8843747508842525,0.00909899999999908,0.0032770000000006405,2.972181604226466,0.009646000000000043,0.0036090000000008615,2.352759398885125,0.008687999999999363,0.003961999999997801,2.458557457538299,0.010094999999999743,0.003080999999998113,1.6953618680171005,0.00919399999999726,0.00357400000000041,2.9764702489354478,0.009222000000001174,0.0033810000000009666,2.3739741852758214,0.00848399999999927,0.0032180000000003872,2.807789223501486,0.009481999999998436,0.003571000000000879,3.8137458532226205
us26,graph_raw_conn,100,avg_transceivers,MLPRegressor,1.6091599999999993,0.00012100000000003774,3.489788652431888,0.4654680000000013,0.00013799999999974943,2.8002628156203615,0.4877129999999994,0.00011800000000050659,1.5557331219835446,0.4869470000000007,0.0001370000000022742,1.0972654185186783,0.37606800000000007,0.00012899999999760325,1.5026604197810287,0.47225800000000007,0.0001490000000003988,1.6890713302818938,0.43490600000000157,0.00012199999999751299,2.5221374730128643,0.5659540000000014,0.00013200000000068712,1.536183994927842,0.4741660000000003,0.00012100000000003774,2.0122809073427717,0.4265110000000014,0.0001409999999992806,2.827721817425143
us26,graph_raw_conn,100,avg_transceivers,DecisionTreeRegressor,0.0027079999999983784,7.599999999996498e-05,3.424500000000002,0.0029649999999996624,9.400000000070463e-05,2.7036666666666633,0.002957999999999572,9.600000000276054e-05,3.9294166666666626,0.0034029999999987126,0.0002270000000024197,1.93925,0.0027690000000006876,7.099999999837792e-05,1.9339166666666672,0.0031280000000002417,0.0002420000000000755,1.5994166666666616,0.003213000000002353,6.899999999987472e-05,2.9539166666666645,0.003167000000001252,0.00023300000000148202,1.3713333333333366,0.0030210000000003845,0.00010500000000135401,2.8034999999999983,0.0033320000000003347,0.00014600000000086766,3.1835833333333325
us26,graph_raw_conn,100,avg_transceivers,KNeighborsRegressor,0.00017000000000066962,0.0014470000000024186,4.449500000000009,0.001376000000000488,0.00216700000000003,2.7335000000000007,0.0011170000000007008,0.0024869999999985737,4.707900000000004,0.00100100000000225,0.001852999999996996,3.4705000000000026,0.0010790000000007183,0.0017969999999998265,2.7721999999999967,0.001198999999999728,0.0020570000000006416,3.1774999999999993,0.0009579999999971278,0.0023870000000023595,3.6548000000000016,0.0010229999999999961,0.0032020000000017035,3.3228000000000066,0.0009879999999995448,0.002618999999999261,3.0713999999999926,0.0009399999999999409,0.002295000000000158,4.7608000000000015
us26,graph_raw_conn,300,avg_transceivers,SVR,0.010338000000000847,0.0037469999999970582,7.489878700846939,0.009473000000003395,0.0035019999999974516,8.270113041864954,0.007654999999999745,0.0026049999999990803,6.544277355946127,0.008879000000000303,0.0035860000000020875,9.796396269805962,0.010396000000000072,0.003780000000002559,6.830653368422136,0.008974000000002036,0.0036300000000011323,9.321064906223512,0.008428999999999576,0.004730999999999597,7.408982818544359,0.009838999999999487,0.003645999999999816,7.70000733782569,0.009353000000000833,0.0035090000000010946,9.833586993783717,0.009093000000000018,0.0033820000000019945,5.3356075868325545
us26,graph_raw_conn,300,avg_transceivers,MLPRegressor,0.7583180000000027,0.001018999999999437,9.61297372854627,1.485011,0.0001569999999944116,6.934088261284591,1.0047149999999974,0.00015199999999992997,4.085471753036177,0.09496100000000496,0.00012800000000368073,10.968133042518867,1.0212730000000008,0.00012299999999498823,3.6165821627777435,1.010148000000001,0.00016800000000216642,4.3247522912906105,0.08657399999999882,0.00015799999999899228,9.242319132493384,1.0013519999999971,0.00015900000000357295,2.5927232135351006,0.6128080000000011,0.00015700000000151704,6.565817079630335,1.015550999999995,0.00015899999999646752,4.420262934857641
us26,graph_raw_conn,300,avg_transceivers,DecisionTreeRegressor,0.004375000000003126,8.000000000407681e-05,3.8664166666666544,0.0042439999999999145,9.500000000173259e-05,6.336250000000007,0.0048160000000052605,0.00018000000000029104,5.55933333333333,0.004061000000000092,8.59999999960337e-05,7.769749999999999,0.0043199999999998795,8.79999999980896e-05,3.169749999999996,0.004184999999999661,7.500000000248974e-05,5.149416666666676,0.004497000000000639,0.00013100000000321188,6.919833333333341,0.004261000000006732,7.300000000043383e-05,3.228666666666655,0.004247999999996921,8.000000000407681e-05,5.929583333333335,0.00429600000000363,0.00013500000000021828,4.944999999999988
us26,graph_raw_conn,300,avg_transceivers,KNeighborsRegressor,0.000309000000001447,0.0016770000000008167,6.394899999999995,0.0013110000000011723,0.0019520000000028404,6.588999999999993,0.0011060000000000514,0.0020310000000023365,5.768400000000002,0.0011140000000011696,0.002019000000004212,9.131199999999984,0.0011560000000017112,0.002070000000003347,6.204799999999992,0.0011539999999996553,0.002042000000002986,4.786399999999986,0.001254000000002975,0.0030780000000021346,7.8092000000000095,0.001122999999999763,0.0021860000000017976,6.26230000000001,0.0009550000000047021,0.0021420000000063055,6.518999999999989,0.0009779999999963707,0.0018110000000035598,5.050699999999983
us26,graph_raw_conn,500,avg_transceivers,SVR,0.010117000000001042,0.00384099999999421,9.497024851584758,0.009599000000001467,0.0034130000000018867,12.573043275393797,0.005074000000000467,0.004265000000003738,7.247840922813078,0.009441000000002475,0.0037609999999972388,10.00656654488144,0.009014000000000522,0.003766999999996301,8.132132242202209,0.009396999999999878,0.0030980000000013774,8.921925746806703,0.008621999999995467,0.003796000000001243,12.096366039064417,0.00933700000000215,0.004665000000002806,6.668409526539085,0.009469000000002836,0.003008999999998707,11.744162769645499,0.008544000000000551,0.00315599999999705,6.991253074986981
us26,graph_raw_conn,500,avg_transceivers,MLPRegressor,0.810178999999998,0.0010930000000044515,10.83783257527005,0.5163489999999982,0.0001409999999992806,13.52508282153126,0.10185200000000094,0.0001490000000003988,7.587552679762382,0.08674700000000257,0.00016300000000057935,11.130049291747564,0.08188100000000276,0.0001260000000016248,8.664582833331105,0.10145299999999935,0.00012299999999498823,10.638642706018459,0.08413300000000135,0.0001239999999995689,14.696793141337263,0.09857900000000086,0.0001200000000025625,8.1529014197727,0.0928520000000006,0.0001469999999983429,11.282710761469179,0.09561799999999465,0.00015199999999992997,9.040065060181343
us26,graph_raw_conn,500,avg_transceivers,DecisionTreeRegressor,0.005067999999994299,0.00010999999999938836,7.555750000000012,0.004779999999996676,8.19999999990273e-05,9.171083333333337,0.004807999999997037,7.699999999744023e-05,11.806499999999982,0.005513000000000545,0.00010600000000238197,6.3985833333333515,0.004970000000000141,0.00022099999999625197,5.726583333333338,0.011186999999999614,0.00019599999999542206,8.277416666666658,0.006323000000001855,0.00017400000000122873,8.98725,0.005023000000001332,0.00011299999999891952,5.784166666666669,0.004742000000000246,7.599999999996498e-05,13.945750000000022,0.004747999999999308,0.0001370000000022742,10.607416666666676
us26,graph_raw_conn,500,avg_transceivers,KNeighborsRegressor,0.00031200000000097816,0.002141000000001725,7.287599999999992,0.0010479999999972733,0.0023880000000033874,12.400300000000026,0.0011190000000027567,0.0028019999999955303,7.481399999999991,0.0011149999999986449,0.002042000000002986,8.261799999999976,0.0011679999999998358,0.002415999999996643,8.85789999999999,0.0007829999999984238,0.001556000000000779,8.511099999999981,0.0010259999999959746,0.0017849999999981492,12.075200000000013,0.000973000000001889,0.00204000000000093,6.039199999999982,0.002080999999996891,0.0021209999999953766,10.644099999999991,0.0010849999999962279,0.0023689999999945144,7.207200000000029
us26,graph_stat_dg,100,avg_transceivers,SVR,0.002494999999996139,0.0009409999999974161,4.158690640583389,0.0026249999999947704,0.0008630000000025007,2.369864373720219,0.0024809999999959587,0.000775000000004411,3.2930120335207036,0.0020769999999998845,0.0006920000000008031,2.687641092414269,0.005569000000001267,0.0008559999999988577,2.8002682927900024,0.005856000000001416,0.0009569999999996526,1.7799928689626454,0.00231899999999996,0.0008589999999983888,3.220922637448008,0.002582000000003859,0.000717000000001633,2.796970623107329,0.0023689999999945144,0.000732999999996764,3.0745878795160495,0.002299000000000717,0.0007319999999992888,4.0445896483551635
us26,graph_stat_dg,100,avg_transceivers,MLPRegressor,0.020645999999999276,0.0004800000000031446,118.25905933081563,0.5980169999999987,0.000775000000004411,5.691090697314692,0.02629200000000509,0.000575999999995247,52.48499742505662,0.025791999999995596,0.0007139999999949964,18.576358055244178,0.044743000000003974,0.0006950000000003342,17.616955156273292,0.07206199999999541,0.0006750000000010914,12.659265491657367,0.04155099999999834,0.0007379999999983511,211.66909475087618,0.023129999999994766,0.0005670000000037589,15.195721566206682,0.03214699999999482,0.0006169999999983133,15.241669728704403,0.025646000000001834,0.0003870000000034679,105.29191675251577
us26,graph_stat_dg,100,avg_transceivers,DecisionTreeRegressor,0.0038139999999984298,0.0005439999999978795,2.8050833333333345,0.0035019999999974516,0.0004920000000012692,2.488833333333332,0.003264000000001488,0.0004220000000003665,1.5601666666666603,0.004657000000001688,0.00045099999999820284,1.6024166666666688,0.00392800000000193,0.0005489999999994666,0.8879166666666649,0.003287999999997737,0.00035599999999647025,1.527916666666664,0.0073110000000014,0.0015410000000031232,1.8879999999999995,0.0035420000000030427,0.0004939999999962197,1.3558333333333352,0.0036230000000045948,0.0005049999999968691,1.9444999999999966,0.003154999999999575,0.00046400000000090813,2.178750000000002
us26,graph_stat_dg,100,avg_transceivers,KNeighborsRegressor,0.0009269999999972356,0.0021020000000007144,3.0728000000000066,0.0010629999999949291,0.0017139999999997713,2.373300000000006,0.0011990000000068335,0.0015629999999973165,2.6585999999999954,0.001011999999995794,0.0015289999999978932,1.8877000000000024,0.0010779999999996903,0.001502999999999588,1.880500000000005,0.001044000000000267,0.0014359999999982165,2.043300000000001,0.0011039999999979955,0.00141999999999598,2.5573000000000023,0.0009939999999986071,0.001241999999997745,2.2226000000000043,0.0009510000000005903,0.001502999999999588,2.6763999999999997,0.0010149999999953252,0.001665000000002692,3.0202000000000053
us26,graph_stat_dg,300,avg_transceivers,SVR,0.002783000000000868,0.0008550000000013824,8.118660279655225,0.0026950000000027785,0.0008949999999998681,8.388548191184896,0.002972999999997228,0.0010389999999986799,6.982721398788482,0.003031000000000006,0.000990999999999076,9.973398294900738,0.0030379999999965435,0.0008959999999973434,7.122265198738708,0.003038000000003649,0.0009579999999971278,9.48077849131002,0.0030709999999984916,0.0009859999999974889,7.831251601290006,0.003249000000003832,0.0010100000000008436,8.118927120387458,0.0025289999999955626,0.0008649999999974511,9.91704520167455,0.0027029999999967913,0.0008569999999963329,5.606584331659815
us26,graph_stat_dg,300,avg_transceivers,MLPRegressor,0.02330100000000357,0.0005930000000020641,52.51005701573462,0.028757000000005917,0.000408000000000186,1708.5469285532708,0.024469999999993775,0.0006179999999957886,347.6944335600894,0.032899000000000456,0.00034999999999740794,2229.3746468282015,0.062019999999996855,0.0007979999999960796,114.36035988414969,0.04840099999999836,0.0006740000000036162,2356.035633239445,0.02116099999999932,0.0005509999999944171,97.88723952473484,0.021614999999997053,0.0005459999999999354,349.124909522068,0.0251829999999984,0.0007409999999978822,1291.5082593801267,0.05591400000000135,0.0006500000000002615,166.55704061412652
us26,graph_stat_dg,300,avg_transceivers,DecisionTreeRegressor,0.003380999999997414,0.0005290000000002237,4.26933333333333,0.0029760000000038644,0.0004879999999971574,5.871000000000004,0.0029290000000017358,0.00045899999999932106,7.5825833333333374,0.0028930000000002565,0.0004599999999967963,6.794916666666654,0.0033039999999999736,0.0005030000000019186,2.67325000000001,0.002788000000002455,0.0004729999999995016,4.717999999999998,0.0024090000000001055,0.000484000000000151,6.26362500000001,0.002727000000000146,0.0005200000000016303,3.1149166666666614,0.002803999999997586,0.00047900000000566934,4.426833333333343,0.0028670000000019513,0.0004710000000045511,4.054666666666657
us26,graph_stat_dg,300,avg_transceivers,KNeighborsRegressor,0.001193999999998141,0.0020779999999973597,5.476600000000005,0.0010170000000044865,0.001672999999996705,6.253200000000021,0.0011110000000016385,0.0018300000000053274,5.39630000000003,0.0010700000000056775,0.0014170000000035543,5.2727999999999895,0.0008490000000023201,0.0020740000000003533,6.884800000000027,0.0012790000000038049,0.0023220000000065966,7.335100000000002,0.0010149999999953252,0.0017349999999964894,5.816099999999986,0.0008899999999982811,0.0022779999999968936,4.704199999999991,0.0010279999999980305,0.0015490000000042414,5.021600000000018,0.0010279999999980305,0.0014710000000022205,5.770100000000002
us26,graph_stat_dg,500,avg_transceivers,SVR,0.003431000000006179,0.0010399999999961551,9.673759941199865,0.0030420000000006553,0.0009690000000048826,12.946310159268927,0.0028700000000014825,0.0009030000000009863,7.2233553378434125,0.0029139999999969746,0.0009639999999961901,10.136749174020963,0.003479999999996153,0.0025359999999992056,8.035164843979066,0.0030350000000041177,0.001021000000001493,9.266445681612305,0.002922999999995568,0.0009599999999991837,12.5316536908329,0.003011000000000763,0.0010140000000049554,7.004009221215881,0.0029380000000003292,0.000877999999993051,11.783464804956362,0.0028019999999955303,0.0009569999999996526,7.208167691557406
us26,graph_stat_dg,500,avg_transceivers,MLPRegressor,0.049802999999997155,0.0006910000000033278,7036.963817186162,0.026187000000000182,0.0005500000000040473,4420.846265339334,0.02872899999999845,0.0007159999999970523,5015.134422161123,0.025172000000004857,0.0005850000000009459,4224.263651455237,0.0229360000000014,0.0005769999999998277,728.7336468072525,0.03825199999999995,0.0005220000000036862,57.55129355743679,0.02676899999999449,0.0005960000000015953,833.8015187257591,0.030401000000004785,0.0005260000000006926,1497.0350083124042,0.02217900000000128,0.0005689999999987094,433.07262430570836,0.03946799999999939,0.0007369999999937704,6999.5304982279
us26,graph_stat_dg,500,avg_transceivers,DecisionTreeRegressor,0.0037999999999982492,0.0005239999999986367,6.76933333333335,0.0033370000000019218,0.00048300000000267573,10.232583333333332,0.0028709999999989577,0.0004719999999949209,10.930416666666662,0.003013000000002819,0.00047599999999903275,8.498583333333324,0.0035870000000031155,0.0005109999999959314,4.384083333333342,0.00288900000000325,0.00041900000000083537,6.40299999999998,0.0027649999999965758,0.00040399999999607417,9.762333333333334,0.0023780000000002133,0.00045500000000231466,4.741666666666674,0.0028500000000022396,0.0004659999999958586,6.456250000000011,0.0028069999999971174,0.0004369999999980223,4.8370000000000175
us26,graph_stat_dg,500,avg_transceivers,KNeighborsRegressor,0.0011190000000027567,0.001984999999997683,7.024500000000001,0.0011770000000055347,0.001733999999999014,9.59980000000004,0.00101399999999785,0.0015059999999991192,8.706099999999969,0.0010109999999983188,0.0014439999999993347,7.406800000000009,0.0012359999999986826,0.0016280000000037376,6.248400000000032,0.0009990000000001942,0.0015829999999965594,8.099400000000031,0.0011840000000020723,0.00143200000000121,9.675699999999996,0.002684000000002129,0.001791000000004317,5.584699999999981,0.001350999999999658,0.0015349999999969555,9.2118,0.0010140000000049554,0.0013909999999981437,6.933700000000004
us26,mean,100,avg_transceivers,SVR,0.00395499999999771,0.0012249999999980332,4.057346233825571,0.0026110000000016953,0.0011670000000023606,1.9376310089460702,0.0029450000000039722,0.0007579999999975939,3.0829986880484768,0.002141000000001725,0.0008620000000050254,2.467106324865971,0.0034059999999982438,0.0014029999999962683,2.495508023328256,0.002834000000000003,0.001411000000004492,1.7352010896814973,0.004609999999999559,0.0016129999999989764,3.0350930199368946,0.0030479999999997176,0.0015829999999965594,2.4279624765121355,0.003773999999999944,0.0013980000000017867,2.8412458282704804,0.003167000000004805,0.0013849999999990814,3.947113246935423
us26,mean,100,avg_transceivers,MLPRegressor,0.5120119999999986,0.0006979999999998654,15.012226680982678,0.976233999999998,8.299999999650254e-05,19.884348784406217,0.005235999999996466,5.3999999998666226e-05,55.232571281395664,0.0919629999999998,7.80000000020209e-05,16.095494185514163,0.0032220000000009463,5.3999999998666226e-05,35.99020303253417,0.12284799999999763,8.900000000267028e-05,35.54075521533827,0.0506069999999994,8.19999999990273e-05,37.812335207479656,0.10157199999999733,8.499999999855845e-05,7.890378729974655,0.07563499999999834,8.500000000566388e-05,21.0977209955605,0.11292999999999864,8.19999999990273e-05,15.752082698712433
us26,mean,100,avg_transceivers,DecisionTreeRegressor,0.0028700000000014825,5.9000000000253294e-05,3.8504999999999994,0.0033900000000031127,0.0001010000000007949,3.442999999999999,0.0032700000000005502,6.199999999978445e-05,2.5035,0.0032969999999963306,7.000000000090267e-05,2.505499999999998,0.00334599999999341,9.599999999920783e-05,1.9749999999999985,0.0028920000000027812,7.899999999949614e-05,1.5749999999999986,0.0028620000000003643,5.600000000072214e-05,2.934499999999997,0.003312999999998567,6.300000000436512e-05,1.1685000000000003,0.00348499999999774,7.999999999697138e-05,2.8309999999999973,0.0032959999999988554,7.80000000020209e-05,3.959000000000002
us26,mean,100,avg_transceivers,KNeighborsRegressor,0.0001260000000016248,0.001176000000000954,4.932100000000001,0.0006890000000012719,0.0013979999999946813,2.6250000000000058,0.001100000000000989,0.001530999999999949,3.042999999999998,0.000981999999993377,0.0016060000000024388,3.090199999999996,0.0010100000000008436,0.002686000000004185,2.6132999999999997,0.0009600000000062892,0.0018030000000024415,2.8675999999999946,0.0011269999999967695,0.0016480000000029804,3.4381999999999993,0.0007370000000008758,0.0013819999999995503,2.821900000000002,0.0009890000000041255,0.0014819999999957645,3.0269000000000035,0.0008910000000028617,0.0015460000000047103,4.076000000000006
us26,mean,300,avg_transceivers,SVR,0.006066000000004124,0.003089000000002784,7.8400602702403805,0.005462999999998885,0.0022160000000042146,8.261625423043494,0.006077999999995143,0.002126999999994439,6.837622540175846,0.005493999999998778,0.0020740000000003533,9.859265387602386,0.0050069999999990955,0.0018250000000037403,7.083777089589811,0.004983000000002846,0.0017790000000061923,9.550372717758341,0.005456999999999823,0.0018680000000017571,7.672382482408301,0.005393000000005088,0.00198999999999927,7.831762934848308,0.0054100000000048,0.0023079999999993106,9.819762218922227,0.0054680000000004725,0.002082999999998947,5.55791724740966
us26,mean,300,avg_transceivers,MLPRegressor,0.7932839999999999,0.0007889999999974862,24.58645469358617,0.5996469999999974,9.500000000173259e-05,37.27419419665967,0.14681200000000416,9.899999999873899e-05,31.68803268473433,0.16977900000000545,0.00012099999999293232,9.391720314283958,0.16465699999999828,9.699999999668307e-05,6.954887988885806,0.00446099999999916,6.199999999978445e-05,162.16743251197343,0.08882799999999946,0.00012300000000209366,39.96474831337265,0.2333449999999999,0.0001010000000007949,12.539132760524334,0.2600440000000006,0.0001010000000007949,27.016722834109725,0.12171399999999721,0.00010999999999938836,23.562061788878587
us26,mean,300,avg_transceivers,DecisionTreeRegressor,0.008728000000004954,0.00011099999999686361,4.823499999999998,0.007722000000001117,9.299999999967667e-05,6.017999999999995,0.007715000000004579,7.700000000454565e-05,6.147000000000017,0.008251999999998816,0.00011099999999686361,5.813999999999998,0.009254999999996016,7.500000000248974e-05,3.9554999999999922,0.007943999999994844,0.00011899999999798183,5.496500000000003,0.007446999999999093,8.600000000313912e-05,8.283500000000004,0.008434999999998638,0.00011299999999891952,5.160499999999987,0.007638000000000034,7.099999999837792e-05,5.4860000000000015,0.008167000000000257,0.00010699999999985721,6.272000000000003
us26,mean,300,avg_transceivers,KNeighborsRegressor,0.0001370000000022742,0.001677999999998292,7.596200000000001,0.0011420000000015307,0.0020009999999999195,7.301500000000021,0.0009019999999964057,0.0021100000000018326,7.386900000000014,0.0008310000000051332,0.0017460000000042442,8.89319999999999,0.0006970000000023902,0.002524999999998556,5.368099999999984,0.0009529999999955407,0.0016389999999972815,7.882600000000008,0.0008709999999965135,0.0019470000000012533,7.593300000000028,0.0008410000000012019,0.0020799999999994156,6.418999999999994,0.0009480000000010591,0.0016180000000005634,7.5630999999999915,0.0007810000000034734,0.00148200000000287,6.1372999999999935
us26,mean,500,avg_transceivers,SVR,0.007705000000001405,0.002643000000006168,9.553262591810704,0.007065000000004318,0.0029409999999998604,12.707097365434782,0.0075749999999956685,0.0029899999999969396,7.2309253766354065,0.007866999999997404,0.002942000000004441,10.17374106105317,0.007558000000003062,0.003819000000000017,7.758301784549974,0.006666000000002725,0.0026549999999971874,9.147338586907598,0.00789400000000029,0.002656000000001768,12.313136650254773,0.007453000000005261,0.00292699999999968,6.705413433689495,0.007433999999996388,0.002833000000002528,11.737642693583059,0.0073769999999981906,0.00263599999999542,7.097711581833846
us26,mean,500,avg_transceivers,MLPRegressor,1.3232680000000059,0.00010800000000443788,54.520920220236256,0.15569699999999642,0.00010599999999527654,59.11890958525489,0.27789299999999884,0.00010800000000443788,38.356808409279054,0.006639000000006945,9.599999999920783e-05,153.623552394701,0.19827500000000242,0.00011099999999686361,12.531117605092613,0.26189600000000013,0.00010999999999938836,31.652455609389524,0.14328700000000083,0.00010900000000191312,55.432023612022476,0.17582099999999912,0.00011199999999433885,13.395428110193029,0.23199799999999726,0.00011100000000396903,20.614102966781086,0.13336900000000185,0.00010800000000443788,32.87442337432259
us26,mean,500,avg_transceivers,DecisionTreeRegressor,0.014365000000005068,0.00013400000000274304,7.938999999999988,0.013550999999999647,0.00013599999999769352,10.9325,0.013714999999997701,0.00015199999999992997,14.372999999999996,0.013008000000006348,9.000000000014552e-05,11.630499999999994,0.015380000000000393,0.00011500000000097543,6.509000000000003,0.01357200000000347,0.00010799999999733245,11.186499999999985,0.012641999999999598,0.00015199999999992997,12.32200000000002,0.013793999999997197,0.00014600000000086766,6.775500000000005,0.013539000000001522,0.0001409999999992806,10.055500000000018,0.015391000000001043,0.00012300000000209366,8.993999999999994
us26,mean,500,avg_transceivers,KNeighborsRegressor,0.00015199999999992997,0.002012000000000569,8.315700000000003,0.001939000000000135,0.0017959999999987986,13.071599999999984,0.00100100000000225,0.0018480000000025143,10.175399999999986,0.0010459999999952174,0.0017139999999997713,10.674100000000015,0.0009259999999997603,0.0017959999999987986,8.074500000000011,0.0008290000000030773,0.001855999999996527,8.160600000000006,0.0009939999999986071,0.0025279999999980873,11.503600000000011,0.000798000000003185,0.003672000000001674,6.958399999999989,0.0010339999999970928,0.0018669999999971765,11.389699999999976,0.0010609999999999786,0.0019909999999967454,8.263799999999998
